Experiment,Version,Epoch,Train Loss,Validation Loss,Train IoU,Validation IoU,Train Accuracy,Validation Accuracy
UNET_binary_grayscale_asphalt,UNET_binary_grayscale_asphalt_1704589116.985974,1,0.8008750677108765,3.568351750422014e+27,0.1914815455675125,0.0,0.6181278228759766,0.0
UNET_binary_grayscale_asphalt,UNET_binary_grayscale_asphalt_1704589118.233091,1,0.6879502534866333,3.187988077976492e+26,0.00502474932000041,0.0,0.7084283828735352,0.0
UNET_binary_grayscale_asphalt,UNET_binary_grayscale_asphalt_1704589116.985974,2,0.6851004362106323,9.595875581229007e+18,0.0,0.0,0.726348876953125,0.0
UNET_binary_grayscale_asphalt,UNET_binary_grayscale_asphalt_1704589118.233091,2,0.8547602295875549,2.193174733301534e+19,0.0,0.0,0.726348876953125,0.0
UNET_binary_grayscale_asphalt,UNET_binary_grayscale_asphalt_1704589116.985974,3,0.9135557413101196,829857340588032.0,0.0,0.0,0.726348876953125,0.0
UNET_binary_grayscale_asphalt,UNET_binary_grayscale_asphalt_1704589118.233091,3,0.5960344076156616,3603905447460864.0,0.04126957803964615,0.0,0.7366466522216797,0.0
UNET_binary_grayscale_asphalt,UNET_binary_grayscale_asphalt_1704589116.985974,4,0.5769146084785461,223242780672.0,0.0,0.0,0.726348876953125,0.0
UNET_binary_grayscale_asphalt,UNET_binary_grayscale_asphalt_1704589118.233091,4,1.0432155132293701,361038675968.0,0.04415810853242874,0.4724607467651367,0.7342815399169922,0.0
UNET_binary_grayscale_asphalt,UNET_binary_grayscale_asphalt_1704589273.726556,1,0.7050073146820068,2.0166805190839377e+26,0.03720000013709068,0.0,0.6878128051757812,0.0
UNET_binary_grayscale_asphalt,UNET_binary_grayscale_asphalt_1704589275.985762,1,0.8365523815155029,5.893587157597612e+25,0.07048670202493668,0.0,0.5983924865722656,0.0
UNET_binary_grayscale_asphalt,UNET_binary_grayscale_asphalt_1704589273.726556,2,0.6600790619850159,1.0344957635991867e+21,0.0,0.0,0.726348876953125,0.0
UNET_binary_grayscale_asphalt,UNET_binary_grayscale_asphalt_1704589275.985762,2,0.5848942399024963,3.3274190010131174e+21,0.0,0.0,0.726348876953125,0.0
UNET_binary_grayscale_asphalt,UNET_binary_grayscale_asphalt_1704589273.726556,3,0.6377711296081543,26221278658560.0,0.0,0.0,0.726348876953125,0.0
UNET_binary_grayscale_asphalt,UNET_binary_grayscale_asphalt_1704589275.985762,3,0.6008238196372986,13706483204096.0,0.0,0.0,0.726348876953125,0.0
UNET_binary_grayscale_asphalt,UNET_binary_grayscale_asphalt_1704589273.726556,4,0.5370956063270569,94707924992.0,0.0,0.0,0.726348876953125,0.0
UNET_binary_grayscale_asphalt,UNET_binary_grayscale_asphalt_1704589275.985762,4,0.5506737232208252,76153208832.0,0.0,0.0,0.726348876953125,0.0
UNET_binary_grayscale_asphalt,UNET_binary_grayscale_asphalt_1704589409.337273,1,0.7581558227539062,5.939903703786484e+25,0.01879076287150383,0.0,0.6741676330566406,0.0
UNET_binary_grayscale_asphalt,UNET_binary_grayscale_asphalt_1704589409.337273,2,0.8943817615509033,7.23527346247579e+20,0.0,0.0,0.726348876953125,0.0
UNET_binary_grayscale_asphalt,UNET_binary_grayscale_asphalt_1704589440.149828,1,0.7210811376571655,7.046705673431166e+26,0.18317054212093353,0.0,0.7217302322387695,0.0
UNET_binary_grayscale_asphalt,UNET_binary_grayscale_asphalt_1704589409.337273,3,0.6162890195846558,86011619049472.0,0.0,0.0,0.726348876953125,0.0
UNET_binary_grayscale_asphalt,UNET_binary_grayscale_asphalt_1704589440.149828,2,1.4395081996917725,1.7343965576985104e+20,0.0,0.0,0.726348876953125,0.0
UNET_binary_grayscale_asphalt,UNET_binary_grayscale_asphalt_1704589409.337273,4,1.3086897134780884,4804793335808.0,0.0,0.0,0.726348876953125,0.0
UNET_binary_grayscale_asphalt,UNET_binary_grayscale_asphalt_1704589440.149828,3,0.6459230780601501,486654322147328.0,0.0,0.0,0.726348876953125,0.0
UNET_binary_grayscale_asphalt,UNET_binary_grayscale_asphalt_1704589409.337273,5,1.2619407176971436,10995856384.0,0.0,0.0,0.726348876953125,0.0
UNET_binary_grayscale_asphalt,UNET_binary_grayscale_asphalt_1704589440.149828,4,0.5899314284324646,235570102272.0,0.0,0.0,0.726348876953125,0.0
UNET_binary_grayscale_asphalt,UNET_binary_grayscale_asphalt_1704589409.337273,6,0.7067205309867859,672769408.0,0.0,0.4724607467651367,0.726348876953125,0.0
UNET_binary_grayscale_asphalt,UNET_binary_grayscale_asphalt_1704589440.149828,5,0.503230631351471,4272369408.0,0.0,0.0,0.726348876953125,0.0
UNET_binary_grayscale_asphalt,UNET_binary_grayscale_asphalt_1704589409.337273,7,0.6057519912719727,89246568.0,0.1602327972650528,0.4724607467651367,0.7524375915527344,0.0
UNET_binary_grayscale_asphalt,UNET_binary_grayscale_asphalt_1704589440.149828,6,0.46083924174308777,330612160.0,0.0,0.0,0.726348876953125,0.0
UNET_binary_grayscale_asphalt,UNET_binary_grayscale_asphalt_1704589440.149828,7,0.47197312116622925,63981416.0,0.0,0.0,0.726348876953125,0.0
UNET_binary_grayscale_asphalt,UNET_binary_grayscale_asphalt_1704589440.149828,8,0.442188024520874,16222092.0,0.0,0.0,0.726348876953125,0.0
UNET_binary_grayscale_asphalt,UNET_binary_grayscale_asphalt_1704589440.149828,9,0.4371872544288635,5692443.0,0.0,0.0,0.726348876953125,0.0
UNET_binary_grayscale_asphalt,UNET_binary_grayscale_asphalt_1704589440.149828,10,0.4165794849395752,2073643.75,0.0,0.0,0.726348876953125,0.0
UNET_binary_grayscale_asphalt,UNET_binary_grayscale_asphalt_1704589440.149828,11,0.40905964374542236,757894.25,0.0,0.0,0.726348876953125,0.0
UNET_binary_grayscale_asphalt,UNET_binary_grayscale_asphalt_1704589440.149828,12,0.3933667838573456,294421.90625,0.0,0.0,0.726348876953125,0.0
UNET_binary_grayscale_asphalt,UNET_binary_grayscale_asphalt_1704589440.149828,13,0.3588375449180603,134007.734375,0.18288198113441467,0.0,0.7630615234375,0.0
UNET_binary_grayscale_asphalt,UNET_binary_grayscale_asphalt_1704589440.149828,14,0.32412272691726685,70355.4453125,0.5852526426315308,0.0,0.837005615234375,0.0
UNET_binary_grayscale_asphalt,UNET_binary_grayscale_asphalt_1704589440.149828,15,0.31124788522720337,40036.55859375,0.5951237082481384,0.0,0.8600673675537109,0.0
UNET_binary_grayscale_asphalt,UNET_binary_grayscale_asphalt_1704589440.149828,16,0.2916598916053772,21281.84765625,0.33258017897605896,0.0,0.8030920028686523,0.0
UNET_binary_grayscale_asphalt,UNET_binary_grayscale_asphalt_1704589440.149828,17,0.23898953199386597,11782.5,0.6625801920890808,0.003232765244320035,0.891016960144043,0.0
UNET_binary_grayscale_asphalt,UNET_binary_grayscale_asphalt_1704589440.149828,18,0.2289642095565796,6626.41015625,0.7212925553321838,0.003978369291871786,0.9073171615600586,0.0
UNET_binary_grayscale_asphalt,UNET_binary_grayscale_asphalt_1704589440.149828,19,0.22250470519065857,3833.83740234375,0.7401342988014221,0.012666632421314716,0.9152698516845703,0.0
UNET_binary_grayscale_asphalt,UNET_binary_grayscale_asphalt_1704589440.149828,20,0.212620347738266,2582.308837890625,0.7318123579025269,0.0,0.9121761322021484,0.0
UNET_binary_grayscale_asphalt,UNET_binary_grayscale_asphalt_1704592436.772868,1,0.7973937392234802,6.227428215276215e+26,0.016315137967467308,0.0,0.6356821060180664,0.0
UNET_binary_grayscale_asphalt,UNET_binary_grayscale_asphalt_1704592436.772868,2,1.265960454940796,1.8699323884842254e+20,0.0,0.0,0.726348876953125,0.0
UNET_binary_grayscale_asphalt,UNET_binary_grayscale_asphalt_1704592486.633228,1,0.7902855277061462,3.639917074647591e+26,0.05896579101681709,0.0,0.5906972885131836,0.0
UNET_binary_grayscale_asphalt,UNET_binary_grayscale_asphalt_1704592436.772868,3,0.6991347074508667,3121620885438464.0,0.0,0.0,0.726348876953125,0.0
UNET_binary_grayscale_asphalt,UNET_binary_grayscale_asphalt_1704592486.633228,2,1.5563883781433105,9.248224869923443e+20,0.0,0.0,0.726348876953125,0.0
UNET_binary_grayscale_asphalt,UNET_binary_grayscale_asphalt_1704592436.772868,4,1.0926685333251953,84661600256.0,0.0,0.0,0.726348876953125,0.0
UNET_binary_grayscale_asphalt,UNET_binary_grayscale_asphalt_1704592486.633228,3,0.6419464349746704,34525652451328.0,0.0,0.0,0.726348876953125,0.0
UNET_binary_grayscale_asphalt,UNET_binary_grayscale_asphalt_1704592436.772868,5,0.6295320987701416,7131599360.0,0.0,0.0,0.726348876953125,0.0
UNET_binary_grayscale_asphalt,UNET_binary_grayscale_asphalt_1704592486.633228,4,0.5676097273826599,217238372352.0,0.0,0.0,0.726348876953125,0.0
UNET_binary_grayscale_asphalt,UNET_binary_grayscale_asphalt_1704592436.772868,6,0.6301431655883789,1439870720.0,0.0,0.0,0.726348876953125,0.0
UNET_binary_grayscale_asphalt,UNET_binary_grayscale_asphalt_1704592436.772868,7,0.6466715931892395,108181872.0,0.001447873073630035,0.19552849233150482,0.7263889312744141,0.0
UNET_binary_grayscale_asphalt,UNET_binary_grayscale_asphalt_1704592486.633228,5,0.5380910634994507,18776367104.0,0.0,0.0,0.726348876953125,0.0
UNET_binary_grayscale_asphalt,UNET_binary_grayscale_asphalt_1704592436.772868,8,0.5740824341773987,9856885.0,0.004112686961889267,0.4082658290863037,0.7244977951049805,0.0
UNET_binary_grayscale_asphalt,UNET_binary_grayscale_asphalt_1704592486.633228,6,0.5394258499145508,780160896.0,0.0,0.0,0.726348876953125,0.0
UNET_binary_grayscale_asphalt,UNET_binary_grayscale_asphalt_1704592436.772868,9,0.5869222283363342,1673355.625,0.028675543144345284,0.19552849233150482,0.7104616165161133,0.0
UNET_binary_grayscale_asphalt,UNET_binary_grayscale_asphalt_1704592486.633228,7,0.44904571771621704,53985808.0,0.0,0.0,0.726348876953125,0.0
UNET_binary_grayscale_asphalt,UNET_binary_grayscale_asphalt_1704592436.772868,10,0.5685064196586609,978777.375,0.041803982108831406,0.0,0.7166156768798828,0.0
UNET_binary_grayscale_asphalt,UNET_binary_grayscale_asphalt_1704592486.633228,8,0.40648335218429565,7067203.5,0.0,0.0,0.726348876953125,0.0
UNET_binary_grayscale_asphalt,UNET_binary_grayscale_asphalt_1704592436.772868,11,0.5282886624336243,870708.125,0.0683836042881012,0.0,0.7319173812866211,0.0
UNET_binary_grayscale_asphalt,UNET_binary_grayscale_asphalt_1704592486.633228,9,0.36166954040527344,1128904.5,0.0,0.0,0.726348876953125,0.0
UNET_binary_grayscale_asphalt,UNET_binary_grayscale_asphalt_1704592436.772868,12,0.48083505034446716,625912.5625,0.025427164509892464,0.0,0.7294387817382812,0.0
UNET_binary_grayscale_asphalt,UNET_binary_grayscale_asphalt_1704592486.633228,10,0.3321605622768402,455047.125,0.0,0.0,0.726348876953125,0.0
UNET_binary_grayscale_asphalt,UNET_binary_grayscale_asphalt_1704592436.772868,13,0.4478446841239929,434119.0625,0.24861697852611542,0.0,0.7747468948364258,0.0
UNET_binary_grayscale_asphalt,UNET_binary_grayscale_asphalt_1704592486.633228,11,0.3381885886192322,333543.71875,0.0,0.0,0.726348876953125,0.0
UNET_binary_grayscale_asphalt,UNET_binary_grayscale_asphalt_1704592436.772868,14,0.4492761492729187,212006.46875,0.4433223009109497,0.0,0.8132820129394531,0.0
UNET_binary_grayscale_asphalt,UNET_binary_grayscale_asphalt_1704592486.633228,12,0.30250710248947144,224270.78125,0.0,0.0,0.726348876953125,0.0
UNET_binary_grayscale_asphalt,UNET_binary_grayscale_asphalt_1704592436.772868,15,0.4354694187641144,86167.9453125,0.4651186466217041,0.0,0.8195991516113281,0.0
UNET_binary_grayscale_asphalt,UNET_binary_grayscale_asphalt_1704592486.633228,13,0.29686078429222107,143584.125,0.0,0.0,0.726348876953125,0.0
UNET_binary_grayscale_asphalt,UNET_binary_grayscale_asphalt_1704592436.772868,16,0.3912564516067505,32836.7890625,0.535710871219635,0.0,0.8462457656860352,0.0
UNET_binary_grayscale_asphalt,UNET_binary_grayscale_asphalt_1704592486.633228,14,0.2892559766769409,83225.4453125,0.0,0.0,0.726348876953125,0.0
UNET_binary_grayscale_asphalt,UNET_binary_grayscale_asphalt_1704592436.772868,17,0.35892653465270996,13115.0068359375,0.5588733553886414,0.0,0.8567752838134766,0.0
UNET_binary_grayscale_asphalt,UNET_binary_grayscale_asphalt_1704592486.633228,15,0.2813138961791992,47778.07421875,0.0,0.0,0.726348876953125,0.0
UNET_binary_grayscale_asphalt,UNET_binary_grayscale_asphalt_1704592436.772868,18,0.3421308994293213,6419.6728515625,0.5957090258598328,0.0,0.8686332702636719,0.0
UNET_binary_grayscale_asphalt,UNET_binary_grayscale_asphalt_1704592486.633228,16,0.2664070129394531,28505.0078125,0.0,0.0,0.726348876953125,0.0
UNET_binary_grayscale_asphalt,UNET_binary_grayscale_asphalt_1704592436.772868,19,0.3265117108821869,3388.12646484375,0.6406072378158569,0.0,0.8829174041748047,0.0
UNET_binary_grayscale_asphalt,UNET_binary_grayscale_asphalt_1704592436.772868,20,0.31709355115890503,1875.777587890625,0.6556261777877808,4.036995051137637e-06,0.8880224227905273,0.0
UNET_binary_grayscale_asphalt,UNET_binary_grayscale_asphalt_1704592486.633228,17,0.25778305530548096,17772.498046875,0.0,0.0,0.726348876953125,0.0
UNET_binary_grayscale_asphalt,UNET_binary_grayscale_asphalt_1704592486.633228,18,0.2484017014503479,11355.58984375,0.0,0.0,0.726348876953125,0.0
UNET_binary_grayscale_asphalt,UNET_binary_grayscale_asphalt_1704592486.633228,19,0.2333454042673111,7653.0556640625,0.0,0.0,0.726348876953125,0.0
UNET_binary_grayscale_asphalt,UNET_binary_grayscale_asphalt_1704592486.633228,20,0.2190561294555664,5419.806640625,0.0,0.0,0.726348876953125,0.0
UNET_binary_grayscale_asphalt,UNET_binary_grayscale_asphalt_1704593131.151373,1,0.6537392735481262,2.8427950784623685e+26,0.0011547623435035348,0.0,0.7244806289672852,0.0
UNET_binary_grayscale_asphalt,UNET_binary_grayscale_asphalt_1704593131.151373,2,1.045607566833496,4.983039033834314e+19,0.0,0.0,0.726348876953125,0.0
UNET_binary_grayscale_asphalt,UNET_binary_grayscale_asphalt_1704593131.151373,3,0.5620002150535583,16380020654080.0,0.0,0.0,0.726348876953125,0.0
UNET_binary_grayscale_asphalt,UNET_binary_grayscale_asphalt_1704593195.71813,1,0.624550998210907,2.956203724119407e+25,0.1144528016448021,0.0021071843802928925,0.7472763061523438,0.0
UNET_binary_grayscale_asphalt,UNET_binary_grayscale_asphalt_1704593131.151373,4,0.5892959833145142,240646258688.0,0.0,0.0,0.726348876953125,0.0
UNET_binary_grayscale_asphalt,UNET_binary_grayscale_asphalt_1704593195.71813,2,0.5269467234611511,2.1354974495331488e+21,0.052161335945129395,0.4724607467651367,0.7381687164306641,0.0
UNET_binary_grayscale_asphalt,UNET_binary_grayscale_asphalt_1704593131.151373,5,0.9161198139190674,3460086528.0,0.0,0.0,0.726348876953125,0.0
UNET_binary_grayscale_asphalt,UNET_binary_grayscale_asphalt_1704593195.71813,3,0.9535799026489258,19749033476096.0,0.020354321226477623,0.19601549208164215,0.6681890487670898,0.0
UNET_binary_grayscale_asphalt,UNET_binary_grayscale_asphalt_1704593131.151373,6,0.9728624820709229,36457728.0,0.0,0.0,0.726348876953125,0.0
UNET_binary_grayscale_asphalt,UNET_binary_grayscale_asphalt_1704593195.71813,4,0.6357085108757019,2588833742848.0,0.13443899154663086,0.0,0.7607955932617188,0.0
UNET_binary_grayscale_asphalt,UNET_binary_grayscale_asphalt_1704593131.151373,7,0.5340150594711304,761569.875,0.0,0.0,0.726348876953125,0.0
UNET_binary_grayscale_asphalt,UNET_binary_grayscale_asphalt_1704593195.71813,5,0.5613359808921814,4517040640.0,0.0,0.4724607467651367,0.726348876953125,0.0
UNET_binary_grayscale_asphalt,UNET_binary_grayscale_asphalt_1704593131.151373,8,0.5371930599212646,63043.5546875,0.0,0.0,0.726348876953125,0.0
UNET_binary_grayscale_asphalt,UNET_binary_grayscale_asphalt_1704593338.612198,1,0.7593696713447571,8.698740732440373e+26,0.08099137991666794,0.0,0.6384916305541992,0.0
UNET_binary_grayscale_asphalt,UNET_binary_grayscale_asphalt_1704593195.71813,6,0.5487676858901978,2728151808.0,0.03477682173252106,0.4724607467651367,0.735865592956543,0.0
UNET_binary_grayscale_asphalt,UNET_binary_grayscale_asphalt_1704593131.151373,9,0.5744195580482483,16725.833984375,0.0,0.0,0.726348876953125,0.0
UNET_binary_grayscale_asphalt,UNET_binary_grayscale_asphalt_1704593338.612198,2,1.071086049079895,6.469676391220013e+19,0.0,0.0,0.726348876953125,0.0
UNET_binary_grayscale_asphalt,UNET_binary_grayscale_asphalt_1704593195.71813,7,0.48890501260757446,558939968.0,0.2562609016895294,0.4724607467651367,0.7960529327392578,0.0
UNET_binary_grayscale_asphalt,UNET_binary_grayscale_asphalt_1704593131.151373,10,0.5711362957954407,6261.10888671875,0.0,0.0,0.726348876953125,0.0
UNET_binary_grayscale_asphalt,UNET_binary_grayscale_asphalt_1704593338.612198,3,0.8079655170440674,14784242122752.0,0.0,0.0,0.726348876953125,0.0
UNET_binary_grayscale_asphalt,UNET_binary_grayscale_asphalt_1704593195.71813,8,0.4477349519729614,126610304.0,0.30406224727630615,0.4724607467651367,0.8086147308349609,0.0
UNET_binary_grayscale_asphalt,UNET_binary_grayscale_asphalt_1704593131.151373,11,0.5076349973678589,3304.370849609375,0.0,0.0,0.726348876953125,0.0
UNET_binary_grayscale_asphalt,UNET_binary_grayscale_asphalt_1704593338.612198,4,0.9819602370262146,109819150336.0,0.0,6.055565791029949e-06,0.726348876953125,0.0
UNET_binary_grayscale_asphalt,UNET_binary_grayscale_asphalt_1704593195.71813,9,0.4375818371772766,35407128.0,0.32079216837882996,0.4724607467651367,0.8126163482666016,0.0
UNET_binary_grayscale_asphalt,UNET_binary_grayscale_asphalt_1704593131.151373,12,0.467761367559433,1806.556884765625,0.0,0.0,0.726348876953125,0.0
UNET_binary_grayscale_asphalt,UNET_binary_grayscale_asphalt_1704593338.612198,5,0.6618229150772095,9047160832.0,0.0,0.4724607467651367,0.726348876953125,0.0
UNET_binary_grayscale_asphalt,UNET_binary_grayscale_asphalt_1704593195.71813,10,0.4478386640548706,11175859.0,0.33340001106262207,0.4724607467651367,0.8156337738037109,0.0
UNET_binary_grayscale_asphalt,UNET_binary_grayscale_asphalt_1704593131.151373,13,0.41815799474716187,850.0277099609375,0.0,0.0,0.726348876953125,0.0
UNET_binary_grayscale_asphalt,UNET_binary_grayscale_asphalt_1704593338.612198,6,0.5166323184967041,1181970688.0,0.2655143439769745,0.4724607467651367,0.7989959716796875,0.0
UNET_binary_grayscale_asphalt,UNET_binary_grayscale_asphalt_1704593195.71813,11,0.44935548305511475,4170792.5,0.3373883366584778,0.4724607467651367,0.8166332244873047,0.0
UNET_binary_grayscale_asphalt,UNET_binary_grayscale_asphalt_1704593131.151373,14,0.3910720944404602,357.96173095703125,0.32625409960746765,2.0184363620501244e-06,0.7896709442138672,0.0
UNET_binary_grayscale_asphalt,UNET_binary_grayscale_asphalt_1704593338.612198,7,0.4847904443740845,182288944.0,0.2983021140098572,0.4724607467651367,0.8079795837402344,0.0
UNET_binary_grayscale_asphalt,UNET_binary_grayscale_asphalt_1704593195.71813,12,0.4339176416397095,1665765.125,0.3362486958503723,0.4724607467651367,0.8165273666381836,0.0
UNET_binary_grayscale_asphalt,UNET_binary_grayscale_asphalt_1704593131.151373,15,0.3307192921638489,178.16897583007812,0.6528469324111938,0.0,0.8859357833862305,0.0
UNET_binary_grayscale_asphalt,UNET_binary_grayscale_asphalt_1704593338.612198,8,0.44649460911750793,38299120.0,0.3124414384365082,0.4724607467651367,0.8117275238037109,0.0
UNET_binary_grayscale_asphalt,UNET_binary_grayscale_asphalt_1704593195.71813,13,0.4152795076370239,747927.125,0.3348977863788605,0.4724607467651367,0.8163347244262695,0.0
UNET_binary_grayscale_asphalt,UNET_binary_grayscale_asphalt_1704593131.151373,16,0.2840120196342468,105.38060760498047,0.6386871337890625,1.816024632717017e-05,0.8909854888916016,0.0
UNET_binary_grayscale_asphalt,UNET_binary_grayscale_asphalt_1704593572.440586,1,0.7190239429473877,3.6611196884989363e+27,0.007090884260833263,0.0,0.7036762237548828,0.0
UNET_binary_grayscale_asphalt,UNET_binary_grayscale_asphalt_1704593338.612198,9,0.4298039376735687,11012122.0,0.3115127384662628,0.4724607467651367,0.8102893829345703,0.0
UNET_binary_grayscale_asphalt,UNET_binary_grayscale_asphalt_1704593195.71813,14,0.41188156604766846,341149.75,0.33708104491233826,0.4724607467651367,0.8169698715209961,0.0
UNET_binary_grayscale_asphalt,UNET_binary_grayscale_asphalt_1704593131.151373,17,0.37655895948410034,37.45116424560547,0.5686614513397217,0.0009726316784508526,0.8486862182617188,0.0
UNET_binary_grayscale_asphalt,UNET_binary_grayscale_asphalt_1704593572.440586,2,1.720833659172058,8.468020192956383e+18,0.0,0.0,0.726348876953125,0.0
UNET_binary_grayscale_asphalt,UNET_binary_grayscale_asphalt_1704593338.612198,10,0.43754810094833374,4680714.0,0.30984869599342346,0.4724607467651367,0.8110675811767578,0.0
UNET_binary_grayscale_asphalt,UNET_binary_grayscale_asphalt_1704593195.71813,15,0.40145009756088257,169158.9375,0.3419720232486725,0.4724607467651367,0.8182945251464844,0.0
UNET_binary_grayscale_asphalt,UNET_binary_grayscale_asphalt_1704593131.151373,18,0.40177446603775024,14.514785766601562,0.48742297291755676,0.005727785173803568,0.8115339279174805,0.0
UNET_binary_grayscale_asphalt,UNET_binary_grayscale_asphalt_1704593572.440586,3,0.942556619644165,10905244925952.0,0.0,0.0,0.726348876953125,0.0
UNET_binary_grayscale_asphalt,UNET_binary_grayscale_asphalt_1704593338.612198,11,0.4103488326072693,1932649.0,0.3074237108230591,0.4724607467651367,0.8104743957519531,0.0
UNET_binary_grayscale_asphalt,UNET_binary_grayscale_asphalt_1704593195.71813,16,0.399013876914978,91343.859375,0.3468089699745178,0.4694337844848633,0.8195934295654297,0.0
UNET_binary_grayscale_asphalt,UNET_binary_grayscale_asphalt_1704593131.151373,19,0.4266113340854645,61.490562438964844,0.009270911104977131,0.017580894753336906,0.7281961441040039,0.0
UNET_binary_grayscale_asphalt,UNET_binary_grayscale_asphalt_1704593572.440586,4,0.703822910785675,57655369728.0,0.0,0.4724607467651367,0.726348876953125,0.0
UNET_binary_grayscale_asphalt,UNET_binary_grayscale_asphalt_1704593338.612198,12,0.34287068247795105,879867.0,0.30687469244003296,0.4724607467651367,0.8103208541870117,0.0
UNET_binary_grayscale_asphalt,UNET_binary_grayscale_asphalt_1704593195.71813,17,0.3902994394302368,48524.1015625,0.3507595360279083,0.4714554250240326,0.8205347061157227,0.0
UNET_binary_grayscale_asphalt,UNET_binary_grayscale_asphalt_1704593131.151373,20,0.34998777508735657,113.35283660888672,0.42306822538375854,0.010363978333771229,0.812896728515625,0.0
UNET_binary_grayscale_asphalt,UNET_binary_grayscale_asphalt_1704593572.440586,5,0.6131782531738281,4377185280.0,0.04641270637512207,0.4724607467651367,0.7199230194091797,0.0
UNET_binary_grayscale_asphalt,UNET_binary_grayscale_asphalt_1704593338.612198,13,0.3191331624984741,413646.65625,0.584327757358551,0.4724607467651367,0.8450937271118164,0.0
UNET_binary_grayscale_asphalt,UNET_binary_grayscale_asphalt_1704593195.71813,18,0.37929442524909973,25375.7734375,0.3523752689361572,0.4578506350517273,0.8203754425048828,0.0
UNET_binary_grayscale_asphalt,UNET_binary_grayscale_asphalt_1704593572.440586,6,0.6849288940429688,804934400.0,0.25206542015075684,0.4724607467651367,0.7044706344604492,0.0
UNET_binary_grayscale_asphalt,UNET_binary_grayscale_asphalt_1704593338.612198,14,0.2773243188858032,187947.484375,0.5312026143074036,0.4726080000400543,0.8605356216430664,0.0
UNET_binary_grayscale_asphalt,UNET_binary_grayscale_asphalt_1704593195.71813,19,0.367736279964447,12585.240234375,0.3531704545021057,0.44933000206947327,0.819422721862793,0.0
UNET_binary_grayscale_asphalt,UNET_binary_grayscale_asphalt_1704593572.440586,7,0.5603150129318237,135471136.0,0.3244386613368988,0.4724607467651367,0.7927217483520508,0.0
UNET_binary_grayscale_asphalt,UNET_binary_grayscale_asphalt_1704593338.612198,15,0.26597023010253906,85381.640625,0.3865680396556854,0.4727168679237366,0.8283977508544922,0.0
UNET_binary_grayscale_asphalt,UNET_binary_grayscale_asphalt_1704593195.71813,20,0.36491888761520386,6854.30712890625,0.35113489627838135,0.43823298811912537,0.8181867599487305,0.0
UNET_binary_grayscale_asphalt,UNET_binary_grayscale_asphalt_1704593572.440586,8,0.48226359486579895,25732690.0,0.33377113938331604,0.4724607467651367,0.8123054504394531,0.0
UNET_binary_grayscale_asphalt,UNET_binary_grayscale_asphalt_1704593338.612198,16,0.261053204536438,41327.40234375,0.665296196937561,0.4731527268886566,0.8866472244262695,0.0
UNET_binary_grayscale_asphalt,UNET_binary_grayscale_asphalt_1704593572.440586,9,0.4257905185222626,6440658.5,0.36616167426109314,0.4724607467651367,0.8165369033813477,0.0
UNET_binary_grayscale_asphalt,UNET_binary_grayscale_asphalt_1704593338.612198,17,0.24329745769500732,22959.01953125,0.6947597861289978,0.4734882414340973,0.9007635116577148,0.0
UNET_binary_grayscale_asphalt,UNET_binary_grayscale_asphalt_1704593572.440586,10,0.38636982440948486,1927116.0,0.4650822579860687,0.4724607467651367,0.838862419128418,0.0
UNET_binary_grayscale_asphalt,UNET_binary_grayscale_asphalt_1704593338.612198,18,0.21275866031646729,12724.30078125,0.6928849816322327,0.47564321756362915,0.9093055725097656,0.0
UNET_binary_grayscale_asphalt,UNET_binary_grayscale_asphalt_1704593857.149311,1,0.7818043231964111,4.165678795538831e+26,0.025803692638874054,0.0,0.6414966583251953,0.5275392532348633
UNET_binary_grayscale_asphalt,UNET_binary_grayscale_asphalt_1704593859.454689,1,0.6802837252616882,5.744825234689589e+26,0.002442823490127921,0.0,0.7184314727783203,0.5275392532348633
UNET_binary_grayscale_asphalt,UNET_binary_grayscale_asphalt_1704593572.440586,11,0.3555648922920227,646194.5625,0.36563965678215027,0.4724607467651367,0.8195486068725586,0.0
UNET_binary_grayscale_asphalt,UNET_binary_grayscale_asphalt_1704593338.612198,19,0.2190043032169342,6663.77978515625,0.38548147678375244,0.45744651556015015,0.8283891677856445,0.0
UNET_binary_grayscale_asphalt,UNET_binary_grayscale_asphalt_1704593857.149311,2,1.103820562362671,1.5890340836321054e+20,0.0,0.0,0.726348876953125,0.5275392532348633
UNET_binary_grayscale_asphalt,UNET_binary_grayscale_asphalt_1704593859.454689,2,0.8500292897224426,6.667291440158333e+20,0.0,0.0,0.726348876953125,0.5275392532348633
UNET_binary_grayscale_asphalt,UNET_binary_grayscale_asphalt_1704593572.440586,12,0.3375242352485657,238915.234375,0.45015594363212585,0.4724607467651367,0.8441476821899414,0.0
UNET_binary_grayscale_asphalt,UNET_binary_grayscale_asphalt_1704593338.612198,20,0.196004718542099,3966.96533203125,0.7634114623069763,0.4769514501094818,0.9254970550537109,0.0
UNET_binary_grayscale_asphalt,UNET_binary_grayscale_asphalt_1704593857.149311,3,0.8990126252174377,769240793088.0,0.0,0.0,0.726348876953125,0.5275392532348633
UNET_binary_grayscale_asphalt,UNET_binary_grayscale_asphalt_1704593859.454689,3,1.1459839344024658,4400519053312.0,0.0,0.0,0.726348876953125,0.5275392532348633
UNET_binary_grayscale_asphalt,UNET_binary_grayscale_asphalt_1704593572.440586,13,0.31216394901275635,98089.90625,0.5637608766555786,0.4724607467651367,0.8722696304321289,0.0
UNET_binary_grayscale_asphalt,UNET_binary_grayscale_asphalt_1704593857.149311,4,0.8528390526771545,28555159552.0,0.0,0.0,0.726348876953125,0.5275392532348633
UNET_binary_grayscale_asphalt,UNET_binary_grayscale_asphalt_1704593859.454689,4,0.6065160036087036,9266590720.0,0.0,0.0,0.726348876953125,0.5275392532348633
UNET_binary_grayscale_asphalt,UNET_binary_grayscale_asphalt_1704593572.440586,14,0.28775519132614136,44683.86328125,0.640417754650116,0.4724607467651367,0.8916053771972656,0.0
UNET_binary_grayscale_asphalt,UNET_binary_grayscale_asphalt_1704593857.149311,5,0.6147547364234924,1261602560.0,0.0,0.4724607467651367,0.726348876953125,0.4724607467651367
UNET_binary_grayscale_asphalt,UNET_binary_grayscale_asphalt_1704593859.454689,5,0.7432652711868286,68712608.0,0.0,0.19533608853816986,0.726348876953125,0.5136613845825195
UNET_binary_grayscale_asphalt,UNET_binary_grayscale_asphalt_1704593572.440586,15,0.27369821071624756,21717.56640625,0.6600098609924316,0.4724607467651367,0.8966903686523438,0.0
UNET_binary_grayscale_asphalt,UNET_binary_grayscale_asphalt_1704593857.149311,6,0.5028204321861267,292611584.0,0.3525300920009613,0.4724607467651367,0.7994260787963867,0.4724607467651367
UNET_binary_grayscale_asphalt,UNET_binary_grayscale_asphalt_1704593859.454689,6,0.6490397453308105,240682656.0,0.0,0.4724607467651367,0.7259244918823242,0.4724607467651367
UNET_binary_grayscale_asphalt,UNET_binary_grayscale_asphalt_1704593572.440586,16,0.2559024691581726,10944.673828125,0.6606271862983704,0.4724607467651367,0.8967866897583008,0.0
UNET_binary_grayscale_asphalt,UNET_binary_grayscale_asphalt_1704593857.149311,7,0.6554147005081177,71957312.0,0.329279363155365,0.4724607467651367,0.7577495574951172,0.4724607467651367
UNET_binary_grayscale_asphalt,UNET_binary_grayscale_asphalt_1704593859.454689,7,0.5254807472229004,56122908.0,0.011377541348338127,0.4724607467651367,0.7180032730102539,0.4724607467651367
UNET_binary_grayscale_asphalt,UNET_binary_grayscale_asphalt_1704593572.440586,17,0.2276657074689865,5818.271484375,0.680131196975708,0.4724607467651367,0.9033727645874023,0.0
UNET_binary_grayscale_asphalt,UNET_binary_grayscale_asphalt_1704593857.149311,8,0.50251305103302,13721215.0,0.5115361213684082,0.4724607467651367,0.8192968368530273,0.4724607467651367
UNET_binary_grayscale_asphalt,UNET_binary_grayscale_asphalt_1704593859.454689,8,0.5416967868804932,9273866.0,0.20598822832107544,0.4724607467651367,0.7389507293701172,0.4724607467651367
UNET_binary_grayscale_asphalt,UNET_binary_grayscale_asphalt_1704593572.440586,18,0.2051277905702591,3257.320556640625,0.6960821151733398,0.47246435284614563,0.9101314544677734,0.0
UNET_binary_grayscale_asphalt,UNET_binary_grayscale_asphalt_1704593857.149311,9,0.4386432468891144,2019390.75,0.489936500787735,0.4724607467651367,0.8278255462646484,0.4724607467651367
UNET_binary_grayscale_asphalt,UNET_binary_grayscale_asphalt_1704593859.454689,9,0.4828812777996063,668638.5,0.18137098848819733,0.4724607467651367,0.7544775009155273,0.4724607467651367
UNET_binary_grayscale_asphalt,UNET_binary_grayscale_asphalt_1704593572.440586,19,0.19794167578220367,1903.5634765625,0.6917290091514587,0.4727140963077545,0.9102745056152344,0.0
UNET_binary_grayscale_asphalt,UNET_binary_grayscale_asphalt_1704593857.149311,10,0.36044418811798096,307321.9375,0.5807031393051147,0.4724607467651367,0.846461296081543,0.4724607467651367
UNET_binary_grayscale_asphalt,UNET_binary_grayscale_asphalt_1704593859.454689,10,0.45491811633110046,48747.98828125,0.006853214930742979,0.020525068044662476,0.7271862030029297,0.5181379318237305
UNET_binary_grayscale_asphalt,UNET_binary_grayscale_asphalt_1704593572.440586,20,0.18564152717590332,1188.4163818359375,0.7002723217010498,0.47663766145706177,0.9149761199951172,0.0
UNET_binary_grayscale_asphalt,UNET_binary_grayscale_asphalt_1704593857.149311,11,0.3484511971473694,53181.46484375,0.5513477325439453,0.4724607467651367,0.8625011444091797,0.4724607467651367
UNET_binary_grayscale_asphalt,UNET_binary_grayscale_asphalt_1704593859.454689,11,0.4446781873703003,69223.78125,0.0,0.4724607467651367,0.726348876953125,0.4724607467651367
UNET_binary_grayscale_asphalt,UNET_binary_grayscale_asphalt_1704593857.149311,12,0.35312753915786743,12564.7353515625,0.09018867462873459,0.4724607467651367,0.7481727600097656,0.4724607467651367
UNET_binary_grayscale_asphalt,UNET_binary_grayscale_asphalt_1704593859.454689,12,0.42321595549583435,84237.734375,0.1302759200334549,0.4724607467651367,0.7486982345581055,0.4724607467651367
UNET_binary_grayscale_asphalt,UNET_binary_grayscale_asphalt_1704593857.149311,13,0.3432815670967102,4327.54638671875,0.04860174283385277,0.4724607467651367,0.7376508712768555,0.4724607467651367
UNET_binary_grayscale_asphalt,UNET_binary_grayscale_asphalt_1704593859.454689,13,0.41217032074928284,45188.60546875,0.47621092200279236,0.4724607467651367,0.8021459579467773,0.4724607467651367
UNET_binary_grayscale_asphalt,UNET_binary_grayscale_asphalt_1704593857.149311,14,0.31612536311149597,1792.3203125,0.09113305062055588,0.4724607467651367,0.7484350204467773,0.4724607467651367
UNET_binary_grayscale_asphalt,UNET_binary_grayscale_asphalt_1704593859.454689,14,0.38882195949554443,17561.109375,0.5077979564666748,0.4724607467651367,0.8148097991943359,0.4724607467651367
UNET_binary_grayscale_asphalt,UNET_binary_grayscale_asphalt_1704593857.149311,15,0.28061601519584656,815.4556884765625,0.39211392402648926,0.4724678099155426,0.8285102844238281,0.47247886657714844
UNET_binary_grayscale_asphalt,UNET_binary_grayscale_asphalt_1704593859.454689,15,0.3603900671005249,8370.7431640625,0.517406702041626,0.4724607467651367,0.8258514404296875,0.4724607467651367
UNET_binary_grayscale_asphalt,UNET_binary_grayscale_asphalt_1704593857.149311,16,0.28925028443336487,685.2903442382812,0.5839443802833557,0.47248539328575134,0.8738603591918945,0.47252464294433594
UNET_binary_grayscale_asphalt,UNET_binary_grayscale_asphalt_1704593859.454689,16,0.3352755904197693,5914.46630859375,0.4811705946922302,0.4724607467651367,0.8264617919921875,0.4724607467651367
UNET_binary_grayscale_asphalt,UNET_binary_grayscale_asphalt_1704593857.149311,17,0.260575532913208,592.5443115234375,0.6667168140411377,0.4724763333797455,0.8838052749633789,0.4725065231323242
UNET_binary_grayscale_asphalt,UNET_binary_grayscale_asphalt_1704593859.454689,17,0.28665176033973694,5722.9931640625,0.5000826716423035,0.4724607467651367,0.844268798828125,0.4724607467651367
UNET_binary_grayscale_asphalt,UNET_binary_grayscale_asphalt_1704593857.149311,18,0.26583173871040344,384.4560852050781,0.659409761428833,0.4725160300731659,0.8792695999145508,0.47261714935302734
UNET_binary_grayscale_asphalt,UNET_binary_grayscale_asphalt_1704593859.454689,18,0.24749237298965454,5607.45849609375,0.5837823748588562,0.47246208786964417,0.8716106414794922,0.47246360778808594
UNET_binary_grayscale_asphalt,UNET_binary_grayscale_asphalt_1704593857.149311,19,0.26728183031082153,217.37283325195312,0.6584633588790894,0.47298914194107056,0.8782110214233398,0.47389984130859375
UNET_binary_grayscale_asphalt,UNET_binary_grayscale_asphalt_1704593859.454689,19,0.2248002290725708,4884.99365234375,0.6896365284919739,0.47246119379997253,0.904876708984375,0.4724617004394531
UNET_binary_grayscale_asphalt,UNET_binary_grayscale_asphalt_1704593857.149311,20,0.2501305937767029,111.892578125,0.6562443375587463,0.4738377332687378,0.8901605606079102,0.4775228500366211
UNET_binary_grayscale_asphalt,UNET_binary_grayscale_asphalt_1704593859.454689,20,0.19183894991874695,3807.24609375,0.746713399887085,0.47246208786964417,0.9227190017700195,0.47246360778808594
UNET_binary_grayscale_asphalt,UNET_binary_grayscale_asphalt_1704594636.791026,1,0.6252142190933228,1.4214680980272662e+26,0.00014622020535171032,0.0,0.7261085510253906,0.5275392532348633
UNET_binary_grayscale_asphalt,UNET_binary_grayscale_asphalt_1704594636.791026,2,1.1922191381454468,7.576770866907667e+20,0.0,0.0,0.7262058258056641,0.5275392532348633
UNET_binary_grayscale_asphalt,UNET_binary_grayscale_asphalt_1704594636.791026,3,0.6559959053993225,34308689494016.0,0.0,0.0,0.726348876953125,0.5275392532348633
UNET_binary_grayscale_asphalt,UNET_binary_grayscale_asphalt_1704594636.791026,4,0.5994441509246826,68398899200.0,0.0,0.0,0.726348876953125,0.5275392532348633
UNET_binary_grayscale_asphalt,UNET_binary_grayscale_asphalt_1704594636.791026,5,0.8367002010345459,3416072448.0,0.0037571119610220194,0.4724607467651367,0.7266387939453125,0.4724607467651367
UNET_binary_grayscale_asphalt,UNET_binary_grayscale_asphalt_1704594636.791026,6,0.6202482581138611,337634080.0,0.0,0.4724607467651367,0.7032222747802734,0.4724607467651367
UNET_binary_grayscale_asphalt,UNET_binary_grayscale_asphalt_1704594798.256393,1,0.7250630855560303,3.8189026042145817e+25,0.008792100474238396,0.0,0.699493408203125,0.5275392532348633
UNET_binary_grayscale_asphalt,UNET_binary_grayscale_asphalt_1704594798.256345,1,0.798362672328949,1.9493813549135435e+25,0.01989133283495903,0.0,0.5996875762939453,0.5275392532348633
UNET_binary_grayscale_asphalt,UNET_binary_grayscale_asphalt_1704594636.791026,7,0.6354096531867981,23286410.0,0.036622416228055954,0.4724607467651367,0.7199783325195312,0.4724607467651367
UNET_binary_grayscale_asphalt,UNET_binary_grayscale_asphalt_1704594798.256393,2,0.8505840301513672,2.200779483484814e+20,0.0,0.0,0.726348876953125,0.5275392532348633
UNET_binary_grayscale_asphalt,UNET_binary_grayscale_asphalt_1704594798.256345,2,0.849121630191803,3.872738206318204e+21,0.0,0.0,0.726348876953125,0.5275392532348633
UNET_binary_grayscale_asphalt,UNET_binary_grayscale_asphalt_1704594636.791026,8,0.5891389846801758,1454285.0,0.13139009475708008,0.00018966372590512037,0.7472143173217773,0.527435302734375
UNET_binary_grayscale_asphalt,UNET_binary_grayscale_asphalt_1704594798.256393,3,1.157426118850708,16571710832640.0,0.0,0.40916046500205994,0.726348876953125,0.4855966567993164
UNET_binary_grayscale_asphalt,UNET_binary_grayscale_asphalt_1704594798.256345,3,0.5811753273010254,21168258023424.0,0.0,0.0,0.726348876953125,0.5275392532348633
UNET_binary_grayscale_asphalt,UNET_binary_grayscale_asphalt_1704594636.791026,9,0.4688550531864166,1930538.25,0.34496891498565674,0.0,0.8010873794555664,0.5275392532348633
UNET_binary_grayscale_asphalt,UNET_binary_grayscale_asphalt_1704594798.256393,4,0.9434950351715088,58601631744.0,0.10137772560119629,0.1962008774280548,0.6700105667114258,0.5138874053955078
UNET_binary_grayscale_asphalt,UNET_binary_grayscale_asphalt_1704594798.256345,4,0.5886308550834656,157800546304.0,0.0,0.0,0.726348876953125,0.5275392532348633
UNET_binary_grayscale_asphalt,UNET_binary_grayscale_asphalt_1704594636.791026,10,0.38831761479377747,963110.6875,0.3999054729938507,0.0,0.8220243453979492,0.5275392532348633
UNET_binary_grayscale_asphalt,UNET_binary_grayscale_asphalt_1704594798.256393,5,0.7730803489685059,2317208064.0,0.0005299688782542944,0.0,0.6654720306396484,0.5275392532348633
UNET_binary_grayscale_asphalt,UNET_binary_grayscale_asphalt_1704594798.256345,5,0.5456660985946655,8901314560.0,0.0,0.0,0.726348876953125,0.5275392532348633
UNET_binary_grayscale_asphalt,UNET_binary_grayscale_asphalt_1704594636.791026,11,0.3526872992515564,451050.78125,0.4014250636100769,0.0,0.8250284194946289,0.5275392532348633
UNET_binary_grayscale_asphalt,UNET_binary_grayscale_asphalt_1704594798.256345,6,0.5434854626655579,1034451584.0,0.0,0.0,0.726348876953125,0.5275392532348633
UNET_binary_grayscale_asphalt,UNET_binary_grayscale_asphalt_1704594798.256393,6,0.5878413319587708,620820416.0,0.0,0.0,0.726348876953125,0.5275392532348633
UNET_binary_grayscale_asphalt,UNET_binary_grayscale_asphalt_1704594636.791026,12,0.3324722945690155,217444.75,0.3952300250530243,0.0,0.8267068862915039,0.5275392532348633
UNET_binary_grayscale_asphalt,UNET_binary_grayscale_asphalt_1704594798.256345,7,0.5250352621078491,165887920.0,0.0,0.0,0.726348876953125,0.5275392532348633
UNET_binary_grayscale_asphalt,UNET_binary_grayscale_asphalt_1704594798.256393,7,0.6128128170967102,238092160.0,0.0,0.0,0.726348876953125,0.5275392532348633
UNET_binary_grayscale_asphalt,UNET_binary_grayscale_asphalt_1704594636.791026,13,0.30149292945861816,106793.5625,0.4592569172382355,0.0,0.8370513916015625,0.5275392532348633
UNET_binary_grayscale_asphalt,UNET_binary_grayscale_asphalt_1704594798.256345,8,0.5194990038871765,41122024.0,0.0,0.0,0.726348876953125,0.5275392532348633
UNET_binary_grayscale_asphalt,UNET_binary_grayscale_asphalt_1704594798.256393,8,0.5635910034179688,46661164.0,0.0,0.0,0.726348876953125,0.5275392532348633
UNET_binary_grayscale_asphalt,UNET_binary_grayscale_asphalt_1704594636.791026,14,0.21549440920352936,55074.0859375,0.7581119537353516,0.0,0.9270153045654297,0.5275392532348633
UNET_binary_grayscale_asphalt,UNET_binary_grayscale_asphalt_1704594798.256345,9,0.5017135739326477,11003890.0,0.0,0.0,0.726348876953125,0.5275392532348633
UNET_binary_grayscale_asphalt,UNET_binary_grayscale_asphalt_1704594798.256393,9,0.5524277091026306,9238554.0,0.0,0.0,0.726348876953125,0.5275392532348633
UNET_binary_grayscale_asphalt,UNET_binary_grayscale_asphalt_1704594636.791026,15,0.1968984156847,35595.453125,0.7730996608734131,0.0,0.9281082153320312,0.5275392532348633
UNET_binary_grayscale_asphalt,UNET_binary_grayscale_asphalt_1704594798.256345,10,0.4831838011741638,3702084.0,0.0,0.0,0.726348876953125,0.5275392532348633
UNET_binary_grayscale_asphalt,UNET_binary_grayscale_asphalt_1704594798.256393,10,0.5370386242866516,2038021.125,0.0,0.0,0.726348876953125,0.5275392532348633
UNET_binary_grayscale_asphalt,UNET_binary_grayscale_asphalt_1704594636.791026,16,0.20532166957855225,49329.31640625,0.7340525388717651,0.0,0.9154825210571289,0.5275392532348633
UNET_binary_grayscale_asphalt,UNET_binary_grayscale_asphalt_1704594798.256345,11,0.46658119559288025,1296599.25,0.0,0.0,0.726348876953125,0.5275392532348633
UNET_binary_grayscale_asphalt,UNET_binary_grayscale_asphalt_1704594798.256393,11,0.5243542790412903,478637.53125,0.0,0.0,0.726348876953125,0.5275392532348633
UNET_binary_grayscale_asphalt,UNET_binary_grayscale_asphalt_1704594636.791026,17,0.1806221902370453,41785.828125,0.7882845997810364,0.0,0.9356708526611328,0.5275392532348633
UNET_binary_grayscale_asphalt,UNET_binary_grayscale_asphalt_1704594798.256345,12,0.4382933974266052,540120.3125,0.0,0.0,0.726348876953125,0.5275392532348633
UNET_binary_grayscale_asphalt,UNET_binary_grayscale_asphalt_1704594798.256393,12,0.5097931027412415,120815.890625,0.0,0.0,0.726348876953125,0.5275392532348633
UNET_binary_grayscale_asphalt,UNET_binary_grayscale_asphalt_1704594636.791026,18,0.21791961789131165,31272.03515625,0.7272466421127319,0.0,0.9165287017822266,0.5275392532348633
UNET_binary_grayscale_asphalt,UNET_binary_grayscale_asphalt_1704594798.256345,13,0.408251017332077,205617.703125,0.0,0.0,0.726348876953125,0.5275392532348633
UNET_binary_grayscale_asphalt,UNET_binary_grayscale_asphalt_1704594798.256393,13,0.48617294430732727,39482.03125,0.0,0.0,0.726348876953125,0.5275392532348633
UNET_binary_grayscale_asphalt,UNET_binary_grayscale_asphalt_1704594636.791026,19,0.1850912868976593,22626.443359375,0.7779905796051025,0.0,0.9332237243652344,0.5275392532348633
UNET_binary_grayscale_asphalt,UNET_binary_grayscale_asphalt_1704594798.256345,14,0.5365471839904785,225878.703125,0.0,0.0,0.726348876953125,0.5275392532348633
UNET_binary_grayscale_asphalt,UNET_binary_grayscale_asphalt_1704594798.256393,14,0.45344334840774536,30046.15625,0.0,0.0,0.726348876953125,0.5275392532348633
UNET_binary_grayscale_asphalt,UNET_binary_grayscale_asphalt_1704594636.791026,20,0.16883409023284912,16141.8837890625,0.8206348419189453,0.0,0.9462299346923828,0.5275392532348633
UNET_binary_grayscale_asphalt,UNET_binary_grayscale_asphalt_1704594798.256345,15,0.44224268198013306,133927.328125,0.0,0.0,0.726348876953125,0.5275392532348633
UNET_binary_grayscale_asphalt,UNET_binary_grayscale_asphalt_1704594798.256393,15,0.39718252420425415,28626.130859375,0.0,8.074103789112996e-06,0.726348876953125,0.5275430679321289
UNET_binary_grayscale_asphalt,UNET_binary_grayscale_asphalt_1704594798.256345,16,0.44626492261886597,54646.453125,0.0,0.0,0.726348876953125,0.5275392532348633
UNET_binary_grayscale_asphalt,UNET_binary_grayscale_asphalt_1704594798.256393,16,0.38466107845306396,25731.083984375,0.0,0.0002461811527609825,0.726348876953125,0.5275039672851562
UNET_binary_grayscale_asphalt,UNET_binary_grayscale_asphalt_1704594798.256345,17,0.4041667878627777,17297.2421875,0.01755276881158352,0.0,0.7232341766357422,0.5275392532348633
UNET_binary_grayscale_asphalt,UNET_binary_grayscale_asphalt_1704594798.256393,17,0.3443280756473541,16953.66796875,0.29656392335891724,0.001143966568633914,0.7901792526245117,0.5270252227783203
UNET_binary_grayscale_asphalt,UNET_binary_grayscale_asphalt_1704594798.256345,18,0.3612884283065796,4631.35107421875,0.44994720816612244,0.0,0.8152313232421875,0.5275392532348633
UNET_binary_grayscale_asphalt,UNET_binary_grayscale_asphalt_1704595320.239464,1,0.7278165817260742,7.776785745292102e+25,0.00897112488746643,0.0,0.6781520843505859,0.5275392532348633
UNET_binary_grayscale_asphalt,UNET_binary_grayscale_asphalt_1704595320.239464,2,0.8852485418319702,9.684329532464982e+19,0.0,0.0,0.726348876953125,0.5275392532348633
UNET_binary_grayscale_asphalt,UNET_binary_grayscale_asphalt_1704594798.256393,18,0.304378479719162,8399.3349609375,0.6461745500564575,0.0031559057533740997,0.8740472793579102,0.5270633697509766
UNET_binary_grayscale_asphalt,UNET_binary_grayscale_asphalt_1704595320.239464,3,0.997215211391449,33088063143936.0,0.0,0.0,0.726348876953125,0.5275392532348633
UNET_binary_grayscale_asphalt,UNET_binary_grayscale_asphalt_1704595320.239464,4,1.038435697555542,43664556032.0,0.0,0.47281089425086975,0.726348876953125,0.47328853607177734
UNET_binary_grayscale_asphalt,UNET_binary_grayscale_asphalt_1704595320.239464,5,0.512965202331543,6346181632.0,0.13039129972457886,0.4724607467651367,0.7620306015014648,0.4724607467651367
UNET_binary_grayscale_asphalt,UNET_binary_grayscale_asphalt_1704595320.239464,6,0.49198591709136963,795354880.0,0.2861888110637665,0.4724607467651367,0.8038778305053711,0.4724607467651367
UNET_binary_grayscale_asphalt,UNET_binary_grayscale_asphalt_1704595320.239464,7,0.507692813873291,173687792.0,0.29344645142555237,0.4724607467651367,0.8043584823608398,0.4724607467651367
UNET_binary_grayscale_asphalt,UNET_binary_grayscale_asphalt_1704595320.239464,8,0.491820365190506,52109724.0,0.3210722804069519,0.4724607467651367,0.8077630996704102,0.4724607467651367
UNET_binary_grayscale_asphalt,UNET_binary_grayscale_asphalt_1704595320.239464,9,0.46873268485069275,17366550.0,0.33035826683044434,0.4724607467651367,0.8108158111572266,0.4724607467651367
UNET_binary_grayscale_asphalt,UNET_binary_grayscale_asphalt_1704595320.239464,10,0.455818772315979,6221713.0,0.34263595938682556,0.4724607467651367,0.8144731521606445,0.4724607467651367
UNET_binary_grayscale_asphalt,UNET_binary_grayscale_asphalt_1704595320.239464,11,0.45318830013275146,2392895.25,0.34579774737358093,0.4724607467651367,0.8164348602294922,0.4724607467651367
UNET_binary_grayscale_asphalt,UNET_binary_grayscale_asphalt_1704595320.239464,12,0.4555182456970215,992725.0,0.3452189266681671,0.4724607467651367,0.8177623748779297,0.4724607467651367
UNET_binary_grayscale_asphalt,UNET_binary_grayscale_asphalt_1704595320.239464,13,0.45337891578674316,442954.03125,0.34375,0.4724607467651367,0.8184337615966797,0.4724607467651367
UNET_binary_grayscale_asphalt,UNET_binary_grayscale_asphalt_1704595320.239464,14,0.4445825219154358,204962.59375,0.348037987947464,0.4724607467651367,0.8198738098144531,0.4724607467651367
UNET_binary_grayscale_asphalt,UNET_binary_grayscale_asphalt_1704595320.239464,15,0.43394654989242554,97258.5078125,0.3580547571182251,0.4724607467651367,0.8225727081298828,0.4724607467651367
UNET_binary_grayscale_asphalt,UNET_binary_grayscale_asphalt_1704595320.239464,16,0.4252813756465912,48184.21875,0.3696824610233307,0.4724607467651367,0.825657844543457,0.4724607467651367
UNET_binary_grayscale_asphalt,UNET_binary_grayscale_asphalt_1704595320.239464,17,0.4229676127433777,25338.10546875,0.37862059473991394,0.4724607467651367,0.8279380798339844,0.4724607467651367
UNET_binary_grayscale_asphalt,UNET_binary_grayscale_asphalt_1704595320.239464,18,0.42207324504852295,14259.7109375,0.38345837593078613,0.4724633991718292,0.8288984298706055,0.47246742248535156
UNET_binary_grayscale_asphalt,UNET_binary_grayscale_asphalt_1704595320.239464,19,0.4138399362564087,8424.72265625,0.3859386146068573,0.4725794792175293,0.8293390274047852,0.47271728515625
UNET_binary_grayscale_asphalt,UNET_binary_grayscale_asphalt_1704595320.239464,20,0.4058472514152527,5150.443359375,0.38704073429107666,0.47294649481773376,0.8297271728515625,0.4734973907470703
UNET_binary_grayscale_asphalt,UNET_binary_grayscale_asphalt_1704594798.256345,19,0.3746119737625122,1184.7247314453125,0.31651318073272705,0.0,0.7904262542724609,0.5275392532348633
UNET_binary_grayscale_asphalt,UNET_binary_grayscale_asphalt_1704594798.256393,19,0.2880855202674866,3659.985107421875,0.6543165445327759,0.0018348185112699866,0.8766756057739258,0.5221748352050781
UNET_binary_grayscale_asphalt,UNET_binary_grayscale_asphalt_1704594798.256345,20,0.36309531331062317,686.9039306640625,0.49455657601356506,0.0,0.8155012130737305,0.5275392532348633
UNET_binary_grayscale_asphalt,UNET_binary_grayscale_asphalt_1704594798.256393,20,0.2769477367401123,1551.60205078125,0.666043221950531,0.023013485595583916,0.8831911087036133,0.5155429840087891
UNET_binary_grayscale_asphalt,UNET_binary_grayscale_asphalt_1704595475.871836,1,0.5233176028728486,0.5622146767377854,0.011645984835922718,0.0,0.7042012214660645,0.7155478596687317
UNET_binary_grayscale_asphalt,UNET_binary_grayscale_asphalt_1704595475.871836,2,0.48153313994407654,1.017096236050129,0.0,0.0010531683219596744,0.7078360915184021,0.7096946835517883
UNET_binary_grayscale_asphalt,UNET_binary_grayscale_asphalt_1704595475.871836,3,0.4614948320388794,0.4050167283415794,0.04479591175913811,0.2991524338722229,0.7098746299743652,0.7641606330871582
UNET_binary_grayscale_asphalt,UNET_binary_grayscale_asphalt_1704595475.871836,4,0.4434411144256592,0.4574803404510021,0.18128328025341034,0.05082309618592262,0.7333809733390808,0.7178014516830444
UNET_binary_grayscale_asphalt,UNET_binary_grayscale_asphalt_1704595475.871836,5,0.43520777314901354,0.39743829652667045,0.31214892864227295,0.2264048308134079,0.7601112127304077,0.7615525722503662
UNET_binary_grayscale_asphalt,UNET_binary_grayscale_asphalt_1704595475.871836,6,0.43007762759923934,0.39725844711065295,0.3349002003669739,0.459260493516922,0.7650600671768188,0.8162964582443237
UNET_binary_grayscale_asphalt,UNET_binary_grayscale_asphalt_1704595475.871836,7,0.42484083890914914,0.3843488749116659,0.38301053643226624,0.5313748121261597,0.7727163434028625,0.8310183882713318
UNET_binary_grayscale_asphalt,UNET_binary_grayscale_asphalt_1704595475.871836,8,0.4157829788327217,0.37782542675733566,0.3715257942676544,0.34009021520614624,0.778567373752594,0.7978281378746033
UNET_binary_grayscale_asphalt,UNET_binary_grayscale_asphalt_1704595475.871836,9,0.4114029359817505,0.4008550842106342,0.42580071091651917,0.4579414427280426,0.7957608103752136,0.8136352300643921
UNET_binary_grayscale_asphalt,UNET_binary_grayscale_asphalt_1704595475.871836,10,0.4259639966487885,0.4451192730665207,0.4144938886165619,0.27195459604263306,0.7900031208992004,0.7594592571258545
UNET_binary_grayscale_asphalt,UNET_binary_grayscale_asphalt_1704595475.871836,11,0.43516816541552544,0.39803786382079126,0.40346020460128784,0.48898738622665405,0.782379150390625,0.8254640698432922
UNET_binary_grayscale_asphalt,UNET_binary_grayscale_asphalt_1704595475.871836,12,0.41266797214746476,0.488171392083168,0.43960464000701904,0.0006016235565766692,0.7956941723823547,0.7155702114105225
UNET_binary_grayscale_asphalt,UNET_binary_grayscale_asphalt_1704595475.871836,13,0.4032469417154789,0.39075693115592003,0.4393094480037689,0.4589293897151947,0.8003592491149902,0.8160841464996338
UNET_binary_grayscale_asphalt,UNET_binary_grayscale_asphalt_1704595475.871836,14,0.403323290348053,0.38948243722319603,0.4417710602283478,0.11282726377248764,0.8042814135551453,0.742871880531311
UNET_binary_grayscale_asphalt,UNET_binary_grayscale_asphalt_1704595475.871836,15,0.398108773380518,0.3867184257507324,0.4444393217563629,0.26937443017959595,0.802741289138794,0.7692832350730896
UNET_binary_grayscale_asphalt,UNET_binary_grayscale_asphalt_1704595475.871836,16,0.39558189317584036,0.41895328268408777,0.445767879486084,0.5587177276611328,0.8065551519393921,0.8169885277748108
UNET_binary_grayscale_asphalt,UNET_binary_grayscale_asphalt_1704595779.403376,1,0.5552999976277352,1.0370959904044867,0.034811537712812424,0.0,0.7083818912506104,0.7155478596687317
UNET_binary_grayscale_asphalt,UNET_binary_grayscale_asphalt_1704595779.403376,2,0.4815301412343979,0.6767290918529034,0.19439752399921417,0.033258818089962006,0.7355207800865173,0.7232887744903564
UNET_binary_grayscale_asphalt,UNET_binary_grayscale_asphalt_1704595779.403376,3,0.4706150195002556,0.5210843935608864,0.14911217987537384,0.48753130435943604,0.7336907982826233,0.8070052862167358
UNET_binary_grayscale_asphalt,UNET_binary_grayscale_asphalt_1704595835.970458,1,0.5292961952090264,0.4859104573726654,0.04227902367711067,0.20954282581806183,0.7105754613876343,0.764120876789093
UNET_binary_grayscale_asphalt,UNET_binary_grayscale_asphalt_1704595779.403376,4,0.4492217266559601,0.4577775800228119,0.2597433626651764,0.27190402150154114,0.7447158694267273,0.7790826559066772
UNET_binary_grayscale_asphalt,UNET_binary_grayscale_asphalt_1704595835.970458,2,0.4598509383201599,0.43942567229270935,0.13283663988113403,0.0023262370377779007,0.7371258735656738,0.7156762480735779
UNET_binary_grayscale_asphalt,UNET_binary_grayscale_asphalt_1704595779.403376,5,0.43516180366277696,0.4181209972500801,0.37443363666534424,0.03518591448664665,0.7701908349990845,0.7236055731773376
UNET_binary_grayscale_asphalt,UNET_binary_grayscale_asphalt_1704595835.970458,3,0.453602155148983,0.45701304972171786,0.1552809625864029,0.01697956956923008,0.7279038429260254,0.7153148055076599
UNET_binary_grayscale_asphalt,UNET_binary_grayscale_asphalt_1704595779.403376,6,0.42475876957178116,0.39553355738520624,0.39928629994392395,0.4057464301586151,0.7874358892440796,0.8146070837974548
UNET_binary_grayscale_asphalt,UNET_binary_grayscale_asphalt_1704595835.970458,4,0.4379431229829788,0.46157206639647486,0.22308768332004547,0.06865627318620682,0.7399351000785828,0.7277423143386841
UNET_binary_grayscale_asphalt,UNET_binary_grayscale_asphalt_1704595779.403376,7,0.4217086359858513,0.4131847774982452,0.42539796233177185,0.33453458547592163,0.7880622744560242,0.7978271245956421
UNET_binary_grayscale_asphalt,UNET_binary_grayscale_asphalt_1704595835.970458,5,0.4396744191646576,0.4250271055102348,0.28403106331825256,0.22534678876399994,0.7410220503807068,0.7380535006523132
UNET_binary_grayscale_asphalt,UNET_binary_grayscale_asphalt_1704595779.403376,8,0.416859558224678,0.3989811199903488,0.42237547039985657,0.4778984487056732,0.7896766662597656,0.825560450553894
UNET_binary_grayscale_asphalt,UNET_binary_grayscale_asphalt_1704595835.970458,6,0.43299989610910417,0.4212501437962055,0.1801520138978958,0.24084211885929108,0.7355572581291199,0.7684558033943176
UNET_binary_grayscale_asphalt,UNET_binary_grayscale_asphalt_1704595779.403376,9,0.41796408981084826,1.694148572087288,0.42333757877349854,0.0005786222754977643,0.7950538396835327,0.7150625586509705
UNET_binary_grayscale_asphalt,UNET_binary_grayscale_asphalt_1704595835.970458,7,0.43421596586704253,0.4161084713041782,0.3039170801639557,0.476688414812088,0.7585400938987732,0.8210359215736389
UNET_binary_grayscale_asphalt,UNET_binary_grayscale_asphalt_1704595779.403376,10,0.43280921787023546,0.4877212293446064,0.4007139503955841,0.0,0.7847135066986084,0.7155360579490662
UNET_binary_grayscale_asphalt,UNET_binary_grayscale_asphalt_1704595835.970458,8,0.427001571059227,0.41653896927833556,0.3944677412509918,0.4368670880794525,0.7748364210128784,0.8154364228248596
UNET_binary_grayscale_asphalt,UNET_binary_grayscale_asphalt_1704595779.403376,11,0.4088760606944561,0.3984360985457897,0.4359701871871948,0.000861415930557996,0.7982292771339417,0.7157202363014221
UNET_binary_grayscale_asphalt,UNET_binary_grayscale_asphalt_1704595835.970458,9,0.4266370788216591,0.410888788998127,0.36722689867019653,0.29817745089530945,0.7664356827735901,0.7858825922012329
UNET_binary_grayscale_asphalt,UNET_binary_grayscale_asphalt_1704595779.403376,12,0.40774494618177415,0.4062025848031044,0.4268033802509308,0.27839308977127075,0.7976639270782471,0.7883085608482361
UNET_binary_grayscale_asphalt,UNET_binary_grayscale_asphalt_1704595835.970458,10,0.418731581568718,0.4079238820075989,0.42351624369621277,0.3105822503566742,0.7848992943763733,0.7914897799491882
UNET_binary_grayscale_asphalt,UNET_binary_grayscale_asphalt_1704595779.403376,13,0.4070213010907173,0.40122517585754397,0.4355384409427643,0.38183340430259705,0.8004175424575806,0.8131032586097717
UNET_binary_grayscale_asphalt,UNET_binary_grayscale_asphalt_1704595835.970458,11,0.43010055989027024,0.47144303321838377,0.37658748030662537,0.5215367078781128,0.7663717865943909,0.8172395825386047
UNET_binary_grayscale_asphalt,UNET_binary_grayscale_asphalt_1704595779.403376,14,0.3988430678844452,0.39184774428606034,0.44982409477233887,0.18074296414852142,0.8048714995384216,0.7629356980323792
UNET_binary_grayscale_asphalt,UNET_binary_grayscale_asphalt_1704595835.970458,12,0.42209539234638216,0.44625552475452424,0.36779341101646423,0.5317699313163757,0.7695415616035461,0.8142895698547363
UNET_binary_grayscale_asphalt,UNET_binary_grayscale_asphalt_1704595779.403376,15,0.3979863847792149,0.3983213330805302,0.4508841335773468,0.09618547558784485,0.8054842352867126,0.7414682507514954
UNET_binary_grayscale_asphalt,UNET_binary_grayscale_asphalt_1704595835.970458,13,0.4112788635492325,0.4410080926120281,0.4019699990749359,0.5496380925178528,0.7738007307052612,0.8245720863342285
UNET_binary_grayscale_asphalt,UNET_binary_grayscale_asphalt_1704595779.403376,16,0.3931391021609306,0.39042783811688425,0.4567725956439972,0.18301039934158325,0.807589590549469,0.7651903629302979
UNET_binary_grayscale_asphalt,UNET_binary_grayscale_asphalt_1704595835.970458,14,0.41236578226089476,0.4224999213218689,0.48534634709358215,0.5357018709182739,0.8016435503959656,0.825554609298706
UNET_binary_grayscale_asphalt,UNET_binary_grayscale_asphalt_1704595779.403376,17,0.3881805604696274,0.4023733749985695,0.4576101005077362,0.00851693470031023,0.8104957342147827,0.7177144885063171
UNET_binary_grayscale_asphalt,UNET_binary_grayscale_asphalt_1704595835.970458,15,0.4067836079001427,0.40417460903525354,0.45527514815330505,0.5099559426307678,0.7905406355857849,0.8333569169044495
UNET_binary_grayscale_asphalt,UNET_binary_grayscale_asphalt_1704595779.403376,18,0.388006062656641,0.38792425975203515,0.4500253200531006,0.19060039520263672,0.8071038722991943,0.7663806676864624
UNET_binary_grayscale_asphalt,UNET_binary_grayscale_asphalt_1704595835.970458,16,0.41287421971559524,0.4166828252375126,0.45571961998939514,0.34411895275115967,0.7928510308265686,0.7951102256774902
UNET_binary_grayscale_asphalt,UNET_binary_grayscale_asphalt_1704595779.403376,19,0.3848438233137131,0.3768137197196484,0.4682670533657074,0.4774770438671112,0.8137869834899902,0.8346914052963257
UNET_binary_grayscale_asphalt,UNET_binary_grayscale_asphalt_1704595835.970458,17,0.40505755692720413,0.40046392917633056,0.4838840961456299,0.4890720844268799,0.8037605881690979,0.8219966292381287
UNET_binary_grayscale_asphalt,UNET_binary_grayscale_asphalt_1704595779.403376,20,0.3801642981171608,0.4127153608202934,0.47607290744781494,0.008953225798904896,0.8169550895690918,0.7177205085754395
UNET_binary_grayscale_asphalt,UNET_binary_grayscale_asphalt_1704595835.970458,18,0.4195343324542046,0.4275891686975956,0.4303954839706421,0.024275081232190132,0.7841764688491821,0.7184752821922302
UNET_binary_grayscale_asphalt,UNET_binary_grayscale_asphalt_1704595835.970458,19,0.41004917055368423,0.3813841584324837,0.4740305244922638,0.4964967668056488,0.7965472340583801,0.8310421109199524
UNET_binary_grayscale_asphalt,UNET_binary_grayscale_asphalt_1704595835.970458,20,0.40956013679504394,0.4530112409591675,0.49193114042282104,0.5460551977157593,0.8039531707763672,0.8167102336883545
UNET_binary_grayscale_clinkers,UNET_binary_grayscale_clinkers_1704596535.200774,1,0.5194616190024784,2.3049396106175015,0.10846560448408127,0.07514438778162003,0.850730836391449,0.778386652469635
UNET_binary_grayscale_clinkers,UNET_binary_grayscale_clinkers_1704596535.200774,2,0.41911389998027254,0.3350489693028586,0.06431467086076736,0.0,0.8558312058448792,0.8987992405891418
UNET_binary_grayscale_clinkers,UNET_binary_grayscale_clinkers_1704596535.200774,3,0.38309337198734283,0.3469657131603786,0.04758097976446152,0.0,0.8534253239631653,0.8990052342414856
UNET_binary_grayscale_clinkers,UNET_binary_grayscale_clinkers_1704596535.200774,4,0.36005960937057224,0.2863083119903292,0.029359037056565285,0.00617960374802351,0.8575610518455505,0.8993000388145447
UNET_binary_grayscale_clinkers,UNET_binary_grayscale_clinkers_1704596535.200774,5,0.35001906007528305,0.29899285307952334,0.08185341209173203,0.26437100768089294,0.8619632124900818,0.9111964106559753
UNET_binary_grayscale_clinkers,UNET_binary_grayscale_clinkers_1704596535.200774,6,0.3472483626433781,0.2853035692657743,0.08463364094495773,0.013021068647503853,0.8566669821739197,0.9003159403800964
UNET_binary_grayscale_clinkers,UNET_binary_grayscale_clinkers_1704596535.200774,7,0.33803922470126835,0.24081175880772726,0.07557562738656998,0.06542681157588959,0.8608049750328064,0.903529167175293
UNET_binary_grayscale_clinkers,UNET_binary_grayscale_clinkers_1704596535.200774,8,0.34075349675757544,0.2880559648786272,0.08717982470989227,0.3020815849304199,0.8607345223426819,0.9101546406745911
UNET_binary_grayscale_clinkers,UNET_binary_grayscale_clinkers_1704596535.200774,9,0.3351995753390448,0.23817731652941024,0.0746542438864708,0.07714169472455978,0.8570155501365662,0.9044418334960938
UNET_binary_grayscale_clinkers,UNET_binary_grayscale_clinkers_1704596535.200774,10,0.32641975581645966,0.26780488022736143,0.07467756420373917,0.025393880903720856,0.8628582954406738,0.9015312194824219
UNET_binary_grayscale_clinkers,UNET_binary_grayscale_clinkers_1704596535.200774,11,0.318144645009722,0.3369574227503368,0.12692750990390778,0.0,0.8676978945732117,0.8990052342414856
UNET_binary_grayscale_clinkers,UNET_binary_grayscale_clinkers_1704596535.200774,12,0.31962911039590836,0.2919920278447015,0.11232201009988785,0.31758636236190796,0.8650492429733276,0.9132670164108276
UNET_binary_grayscale_clinkers,UNET_binary_grayscale_clinkers_1704596535.200774,13,0.30568885590348926,0.22852193031992232,0.12925772368907928,0.10856471210718155,0.8689314723014832,0.9080562591552734
UNET_binary_grayscale_clinkers,UNET_binary_grayscale_clinkers_1704596535.200774,14,0.3023525987352644,0.27106901577540804,0.14892564713954926,0.025483455508947372,0.8695892095565796,0.9012871980667114
UNET_binary_grayscale_clinkers,UNET_binary_grayscale_clinkers_1704596535.200774,15,0.3110761727605547,0.22164922101157053,0.13540048897266388,0.31802740693092346,0.870153546333313,0.925175666809082
UNET_binary_grayscale_clinkers,UNET_binary_grayscale_clinkers_1704596535.200774,16,0.3007826549666269,0.34719432251793997,0.1406865119934082,0.27447399497032166,0.8684305548667908,0.855955958366394
UNET_binary_grayscale_clinkers,UNET_binary_grayscale_clinkers_1704596535.200774,17,0.29796758400542395,0.31779530218669344,0.14733825623989105,0.0004100509686395526,0.8706844449043274,0.8963807225227356
UNET_binary_grayscale_clinkers,UNET_binary_grayscale_clinkers_1704596535.200774,18,0.295627270426069,0.2587664084775107,0.11827736347913742,0.3786804676055908,0.8657631278038025,0.9238492250442505
UNET_binary_grayscale_clinkers,UNET_binary_grayscale_clinkers_1704596535.200774,19,0.28775519132614136,0.259525756750788,0.17425018548965454,0.01515490747988224,0.8730568289756775,0.9005128145217896
UNET_binary_grayscale_clinkers,UNET_binary_grayscale_clinkers_1704596535.200774,20,0.2855279360498701,0.2930244526692799,0.16806241869926453,0.0,0.874672532081604,0.8990052342414856
UNET_binary_grayscale_grass,UNET_binary_grayscale_grass_1704597135.202978,1,0.3155233199061872,0.26124131472868733,0.6090428233146667,0.6969224214553833,0.8628155589103699,0.8928398489952087
UNET_binary_grayscale_asphalt,UNET_binary_grayscale_asphalt_1704597437.863613,1,0.507778049775617,0.4783101800958909,0.07571378350257874,0.13566695153713226,0.7185544967651367,0.7581012845039368
UNET_binary_grayscale_asphalt,UNET_binary_grayscale_asphalt_1704597437.863613,2,0.43371833382702585,0.3924755795085015,0.27400481700897217,0.29840901494026184,0.7497854232788086,0.7943241596221924
UNET_binary_grayscale_grass,UNET_binary_grayscale_grass_1704597135.202978,2,0.28247920064739485,0.26267345635429723,0.6384912133216858,0.718619167804718,0.8748674988746643,0.8992329239845276
UNET_binary_grayscale_asphalt,UNET_binary_grayscale_asphalt_1704597437.863613,3,0.41017594188451767,0.45964332947980113,0.4587588310241699,0.09814642369747162,0.8026791214942932,0.7502204775810242
UNET_binary_grayscale_asphalt,UNET_binary_grayscale_asphalt_1704597437.863613,4,0.39906041646626456,0.3675134912207352,0.47113654017448425,0.5141810774803162,0.8104386329650879,0.8354634046554565
UNET_binary_grayscale_asphalt,UNET_binary_grayscale_asphalt_1704597437.863613,5,0.3877079568395567,0.34600350635116967,0.4811719059944153,0.4812406599521637,0.8178920745849609,0.8385575413703918
UNET_binary_grayscale_grass,UNET_binary_grayscale_grass_1704597135.202978,3,0.2650656406459435,0.2850194221698967,0.6659606695175171,0.689683198928833,0.8845527172088623,0.890942394733429
UNET_binary_grayscale_asphalt,UNET_binary_grayscale_asphalt_1704597437.863613,6,0.38048295172589336,0.36459218306624475,0.4838066101074219,0.3779529333114624,0.821613609790802,0.819825291633606
UNET_binary_grayscale_asphalt,UNET_binary_grayscale_asphalt_1704597437.863613,7,0.3738680560123268,0.3520581810109651,0.49143606424331665,0.39800825715065,0.824402928352356,0.8223150968551636
UNET_binary_grayscale_asphalt,UNET_binary_grayscale_asphalt_1704597437.863613,8,0.3675611762339203,0.3647563534589549,0.5004419684410095,0.37242022156715393,0.8286089301109314,0.8198661208152771
UNET_binary_grayscale_asphalt,UNET_binary_grayscale_asphalt_1704597437.863613,9,0.3663367479668921,0.41979621246976045,0.5059089064598083,0.1627805382013321,0.8315727114677429,0.7684392333030701
UNET_binary_grayscale_grass,UNET_binary_grayscale_grass_1704597135.202978,4,0.25374668566675795,0.2768809631212507,0.6816949248313904,0.6946068406105042,0.8902089595794678,0.8930032849311829
UNET_binary_grayscale_asphalt,UNET_binary_grayscale_asphalt_1704597437.863613,10,0.3582592196577224,0.38101089060010007,0.5116233229637146,0.22171154618263245,0.8344176411628723,0.782579243183136
UNET_binary_grayscale_asphalt,UNET_binary_grayscale_asphalt_1704597437.863613,11,0.3522840082941957,0.42570060558283507,0.5180941224098206,0.013780057430267334,0.8374242186546326,0.7288100123405457
UNET_binary_grayscale_asphalt,UNET_binary_grayscale_asphalt_1704597437.863613,12,0.349288188106385,0.46889852380278096,0.5221664309501648,0.03623489663004875,0.8392886519432068,0.7346769571304321
UNET_binary_grayscale_grass,UNET_binary_grayscale_grass_1704597135.202978,5,0.24723203838720018,0.26532632589425,0.6945334076881409,0.7123465538024902,0.894692599773407,0.8975141048431396
UNET_binary_grayscale_asphalt,UNET_binary_grayscale_asphalt_1704597437.863613,13,0.34572966333793764,0.3353996819153947,0.5270249843597412,0.40902385115623474,0.8418132662773132,0.8293755650520325
UNET_binary_grayscale_asphalt,UNET_binary_grayscale_asphalt_1704597437.863613,14,0.345003314464543,0.34252057113309403,0.5237205624580383,0.3339858055114746,0.8407076597213745,0.8126201033592224
UNET_binary_grayscale_asphalt,UNET_binary_grayscale_asphalt_1704597437.863613,15,0.3482947273559831,0.38256833820942027,0.5213561058044434,0.3290112316608429,0.8390909433364868,0.8079693913459778
UNET_binary_grayscale_asphalt,UNET_binary_grayscale_asphalt_1704597437.863613,16,0.3413570240436502,0.33370794170531465,0.5293312072753906,0.37563109397888184,0.8428959846496582,0.8236565589904785
UNET_binary_grayscale_grass,UNET_binary_grayscale_grass_1704597135.202978,6,0.24393981904639891,0.2913260176343311,0.7005822658538818,0.6394965648651123,0.8964627385139465,0.8780472874641418
UNET_binary_grayscale_asphalt,UNET_binary_grayscale_asphalt_1704597437.863613,17,0.33624644918524804,0.34765623795304135,0.5367563366889954,0.5407445430755615,0.845980703830719,0.849317729473114
UNET_binary_grayscale_asphalt,UNET_binary_grayscale_asphalt_1704597437.863613,18,0.332892553686206,0.33236861351265834,0.5444740653038025,0.43361222743988037,0.8489028811454773,0.8329260945320129
UNET_binary_grayscale_asphalt,UNET_binary_grayscale_asphalt_1704597437.863613,19,0.3317695011695226,0.4899295927280217,0.5410940051078796,0.550123393535614,0.8484892845153809,0.7942463159561157
UNET_binary_grayscale_grass,UNET_binary_grayscale_grass_1704597135.202978,7,0.23581418154290562,0.2382446115526502,0.7082560658454895,0.7321705222129822,0.8994607329368591,0.9060692191123962
UNET_binary_grayscale_asphalt,UNET_binary_grayscale_asphalt_1704597437.863613,20,0.3284957201326664,0.5205236782333744,0.547542929649353,0.5409811735153198,0.8505203127861023,0.7822552919387817
UNET_binary_grayscale_grass,UNET_binary_grayscale_grass_1704598639.714935,1,0.313530422922131,0.2673143645056959,0.6138225197792053,0.7033844590187073,0.8639342784881592,0.8951609134674072
UNET_binary_grayscale_grass,UNET_binary_grayscale_grass_1704597135.202978,8,0.23199113628618234,0.23807824568910416,0.7131056785583496,0.7265331745147705,0.9011077880859375,0.9045218229293823
UNET_binary_grayscale_grass,UNET_binary_grayscale_grass_1704598639.714935,2,0.27525398603431694,0.2554367232914076,0.667999804019928,0.6927462816238403,0.8839390277862549,0.8939816951751709
UNET_binary_grayscale_grass,UNET_binary_grayscale_grass_1704597135.202978,9,0.22760464142331874,0.2407405865756241,0.7192134261131287,0.7365675568580627,0.9032869338989258,0.9066582322120667
UNET_binary_grayscale_grass,UNET_binary_grayscale_grass_1704598639.714935,3,0.2599553737404932,0.2547031373612233,0.6882809400558472,0.7057158350944519,0.891423761844635,0.8977356553077698
UNET_binary_grayscale_grass,UNET_binary_grayscale_grass_1704597135.202978,10,0.22407136151162754,0.2579563631123703,0.7228410243988037,0.7109856009483337,0.9046340584754944,0.8994455337524414
UNET_binary_grayscale_grass,UNET_binary_grayscale_grass_1704598639.714935,4,0.2499514094451144,0.28024533224606074,0.7001217603683472,0.642346978187561,0.8959361910820007,0.8799650073051453
UNET_binary_grayscale_grass,UNET_binary_grayscale_grass_1704597135.202978,11,0.2207963341257114,0.23021384832021352,0.7273905277252197,0.7451510429382324,0.9062415957450867,0.9098946452140808
UNET_binary_grayscale_grass,UNET_binary_grayscale_grass_1704598639.714935,5,0.24134297728326398,0.2589574888412169,0.7107347249984741,0.6590321660041809,0.8999117016792297,0.8852019309997559
UNET_binary_grayscale_grass,UNET_binary_grayscale_grass_1704597135.202978,12,0.21821707466955287,0.22758251946329391,0.7297894358634949,0.7550508379936218,0.907078206539154,0.9125486612319946
UNET_binary_grayscale_grass,UNET_binary_grayscale_grass_1704598639.714935,6,0.23359240518345953,0.2528560554786224,0.7185841798782349,0.6930126547813416,0.9029034376144409,0.8931853175163269
UNET_binary_grayscale_grass,UNET_binary_grayscale_grass_1704597135.202978,13,0.21547224579173474,0.22273496422349642,0.7332896590232849,0.746509850025177,0.9083989858627319,0.9109561443328857
UNET_binary_grayscale_grass,UNET_binary_grayscale_grass_1704598639.714935,7,0.2274262919412177,0.2742147229050166,0.7236490249633789,0.6026244759559631,0.904884934425354,0.8675507307052612
UNET_binary_grayscale_grass,UNET_binary_grayscale_grass_1704597135.202978,14,0.21420775737308523,0.22253946253068077,0.7363300919532776,0.7500381469726562,0.9093924164772034,0.9123769998550415
UNET_binary_grayscale_grass,UNET_binary_grayscale_grass_1704598639.714935,8,0.2210812671646953,0.22730356974164248,0.7304580807685852,0.6929594278335571,0.9073855876922607,0.8964595794677734
UNET_binary_grayscale_tiles,UNET_binary_grayscale_tiles_1704600440.442193,1,0.4425386017560959,0.39105446383357045,0.003464226145297289,0.0,0.8433664441108704,0.8537709712982178
UNET_binary_grayscale_tiles,UNET_binary_grayscale_tiles_1704600440.442193,2,0.38946428284049034,0.42643019422888756,0.0,0.0,0.8478021025657654,0.8537709712982178
UNET_binary_grayscale_grass,UNET_binary_grayscale_grass_1704597135.202978,15,0.21048189012128263,0.22187197476540657,0.7405347228050232,0.749122679233551,0.9110633730888367,0.9116860032081604
UNET_binary_grayscale_mozaik,UNET_binary_grayscale_mozaik_1704600437.00473,1,0.47177242136001585,0.42811074912548064,0.18116530776023865,0.3302086889743805,0.7655908465385437,0.8007022738456726
UNET_binary_grayscale_tiles,UNET_binary_grayscale_tiles_1704600440.442193,3,0.3804781985282898,0.41323214925825597,0.0,0.0,0.8478021025657654,0.8537709712982178
UNET_binary_grayscale_tiles,UNET_binary_grayscale_tiles_1704600440.442193,4,0.37525594562292097,0.41652386225759985,0.0,0.0,0.8478021025657654,0.8537709712982178
UNET_binary_grayscale_mozaik,UNET_binary_grayscale_mozaik_1704600437.00473,2,0.4289540947675705,0.3926772701740265,0.2464803010225296,0.40216007828712463,0.7847489714622498,0.8161739110946655
UNET_binary_grayscale_tiles,UNET_binary_grayscale_tiles_1704600440.442193,5,0.37155723631381987,0.4097718451172113,0.0,0.0,0.8478021025657654,0.8537709712982178
UNET_binary_grayscale_tiles,UNET_binary_grayscale_tiles_1704600440.442193,6,0.37236278295516967,0.3801989443600178,0.0,0.0,0.8478021025657654,0.8537709712982178
UNET_binary_grayscale_tiles,UNET_binary_grayscale_tiles_1704600440.442193,7,0.36860321313142774,0.3591091023385525,0.0,0.0,0.8478021025657654,0.8537709712982178
UNET_binary_grayscale_mozaik,UNET_binary_grayscale_mozaik_1704600437.00473,3,0.4137933302521706,0.5984042468070984,0.29313212633132935,0.41652795672416687,0.7966205477714539,0.7434403300285339
UNET_binary_grayscale_tiles,UNET_binary_grayscale_tiles_1704600440.442193,8,0.36557386502623557,0.366474614739418,0.0,0.0,0.8478021025657654,0.8537709712982178
UNET_binary_grayscale_tiles,UNET_binary_grayscale_tiles_1704600440.442193,9,0.36639636114239693,0.371941451728344,0.0,0.0,0.8478021025657654,0.8537709712982178
UNET_binary_grayscale_mozaik,UNET_binary_grayscale_mozaik_1704600437.00473,4,0.40506254506111145,0.4251482406258583,0.31680789589881897,0.45071789622306824,0.8031415343284607,0.8054437637329102
UNET_binary_grayscale_tiles,UNET_binary_grayscale_tiles_1704600440.442193,10,0.3634586940705776,0.35459623247385025,0.0,0.0,0.8478021025657654,0.8537709712982178
UNET_binary_grayscale_grass,UNET_binary_grayscale_grass_1704598639.714935,9,0.2158862821280532,0.22430527189039065,0.7351154088973999,0.6788973212242126,0.9091107845306396,0.8928906917572021
UNET_binary_grayscale_tiles,UNET_binary_grayscale_tiles_1704600440.442193,11,0.36391399562358856,0.3530276599526405,0.0,0.0,0.8478021025657654,0.8537709712982178
UNET_binary_grayscale_tiles,UNET_binary_grayscale_tiles_1704600440.442193,12,0.3617793171107769,0.35048373863101007,0.0,0.0,0.8478021025657654,0.8537709712982178
UNET_binary_grayscale_mozaik,UNET_binary_grayscale_mozaik_1704600437.00473,5,0.40106695115566254,0.4891714370846748,0.31091827154159546,0.4293563663959503,0.8029712438583374,0.7746530175209045
UNET_binary_grayscale_tiles,UNET_binary_grayscale_tiles_1704600440.442193,13,0.36132059663534166,0.34904711216688156,0.0,0.0,0.8478021025657654,0.8537709712982178
UNET_binary_grayscale_grass,UNET_binary_grayscale_grass_1704597135.202978,16,0.20772361560754504,0.21809477325142024,0.743864893913269,0.7367444038391113,0.912174642086029,0.9087598919868469
UNET_binary_grayscale_tiles,UNET_binary_grayscale_tiles_1704600440.442193,14,0.36120554208755495,0.35849629253149035,0.0,0.0,0.8478021025657654,0.8537709712982178
UNET_binary_grayscale_mozaik,UNET_binary_grayscale_mozaik_1704600437.00473,6,0.3948370226621628,0.393064070045948,0.32271045446395874,0.4440351128578186,0.8062100410461426,0.8143308758735657
UNET_binary_grayscale_tiles,UNET_binary_grayscale_tiles_1704600440.442193,15,0.36067685261368754,0.38140717580914496,4.824829829885857e-06,0.0,0.8478028178215027,0.8537709712982178
UNET_binary_grayscale_tiles,UNET_binary_grayscale_tiles_1704600440.442193,16,0.3589235347509384,0.36804624751210213,0.0,0.0,0.8478021025657654,0.8537709712982178
UNET_binary_grayscale_tiles,UNET_binary_grayscale_tiles_1704600440.442193,17,0.3558491243422031,0.37065193355083464,0.0,0.0,0.8478021025657654,0.8537709712982178
UNET_binary_grayscale_mozaik,UNET_binary_grayscale_mozaik_1704600437.00473,7,0.39418461006879807,0.3711102081537247,0.32271090149879456,0.44773605465888977,0.8062728047370911,0.8271334171295166
UNET_binary_grayscale_tiles,UNET_binary_grayscale_tiles_1704600440.442193,18,0.3579784043133259,0.3637294533848763,0.0,0.0,0.8478021025657654,0.8537709712982178
UNET_binary_grayscale_tiles,UNET_binary_grayscale_tiles_1704600440.442193,19,0.3551208533346653,0.3606357458233833,0.0,0.0,0.8478021025657654,0.8537709712982178
UNET_binary_grayscale_mozaik,UNET_binary_grayscale_mozaik_1704600437.00473,8,0.39315411406755446,0.4041304908394813,0.3208181858062744,0.41702571511268616,0.8064159750938416,0.8138739466667175
UNET_binary_grayscale_tiles,UNET_binary_grayscale_tiles_1704600440.442193,20,0.3540651126205921,0.3623148238658905,0.0,0.0,0.8478021025657654,0.8537709712982178
UNET_binary_grayscale_mozaik,UNET_binary_grayscale_mozaik_1704600437.00473,9,0.3856538527607918,0.3796281027793884,0.3327476978302002,0.4433605670928955,0.8095609545707703,0.8244600892066956
UNET_binary_grayscale_grass,UNET_binary_grayscale_grass_1704598639.714935,10,0.21235819383925392,0.22179985359035548,0.7384955883026123,0.6823731064796448,0.9104056358337402,0.8944457173347473
UNET_binary_grayscale_mozaik,UNET_binary_grayscale_mozaik_1704600437.00473,10,0.3823913015127182,0.37068032431602477,0.3446092903614044,0.45912498235702515,0.813054084777832,0.8279758095741272
UNET_binary_grayscale_grass,UNET_binary_grayscale_grass_1704597135.202978,17,0.2052293656294456,0.22396590103889427,0.7477349042892456,0.7365977168083191,0.9135496020317078,0.9077659249305725
UNET_binary_grayscale_mozaik,UNET_binary_grayscale_mozaik_1704600437.00473,11,0.37907549560070036,0.3786363814473152,0.3521086573600769,0.45501673221588135,0.8155770897865295,0.8255425691604614
UNET_binary_grayscale_mozaik,UNET_binary_grayscale_mozaik_1704600437.00473,12,0.3798990685343742,0.4550876748561859,0.35409486293792725,0.3444834351539612,0.8151653409004211,0.7923619151115417
UNET_binary_grayscale_mozaik,UNET_binary_grayscale_mozaik_1704600437.00473,13,0.37738230895996094,0.3934297429919243,0.3501189947128296,0.4496619701385498,0.8145785927772522,0.8197263479232788
UNET_binary_grayscale_mozaik,UNET_binary_grayscale_mozaik_1704600437.00473,14,0.37323814105987546,0.3604891107082367,0.3623589277267456,0.4497651159763336,0.8172828555107117,0.8296344876289368
UNET_binary_grayscale_grass,UNET_binary_grayscale_grass_1704598639.714935,11,0.2070269065501427,0.24608809153309588,0.7444283962249756,0.6270666718482971,0.9125116467475891,0.8775116205215454
UNET_binary_grayscale_mozaik,UNET_binary_grayscale_mozaik_1704600437.00473,15,0.37072853052616117,0.36270409196615216,0.36672645807266235,0.4599333107471466,0.8186529874801636,0.8294203281402588
UNET_binary_grayscale_grass,UNET_binary_grayscale_grass_1704597135.202978,18,0.2019243211323044,0.2204644158270586,0.7519431710243225,0.7540351748466492,0.9150310754776001,0.9128212928771973
UNET_binary_grayscale_mozaik,UNET_binary_grayscale_mozaik_1704600437.00473,16,0.3682582696676254,0.3952354884147644,0.37252911925315857,0.44739317893981934,0.8199873566627502,0.8132673501968384
UNET_binary_grayscale_mozaik,UNET_binary_grayscale_mozaik_1704600437.00473,17,0.36984148544073103,0.3540259854197502,0.36640989780426025,0.4638267159461975,0.8185884952545166,0.8372275233268738
UNET_binary_grayscale_mozaik,UNET_binary_grayscale_mozaik_1704600437.00473,18,0.36455880671739577,0.37877340871095655,0.38226181268692017,0.4674038589000702,0.8226888179779053,0.8253048658370972
UNET_binary_grayscale_grass,UNET_binary_grayscale_grass_1704598639.714935,12,0.2034997113950524,0.23944864526475815,0.7489619851112366,0.6293753385543823,0.9141812920570374,0.8787628412246704
UNET_binary_grayscale_mozaik,UNET_binary_grayscale_mozaik_1704600437.00473,19,0.3601227695345879,0.344818472802639,0.39255034923553467,0.4886341392993927,0.8253282904624939,0.8427222967147827
UNET_binary_grayscale_mozaik,UNET_binary_grayscale_mozaik_1704600437.00473,20,0.35574527180194854,0.34477506718039513,0.4000388979911804,0.4952838122844696,0.8270463943481445,0.8428336381912231
UNET_binary_grayscale_grass,UNET_binary_grayscale_grass_1704597135.202978,19,0.19955990833107687,0.21490162120837913,0.7549322843551636,0.7581135034561157,0.9161019921302795,0.9145906567573547
UNET_binary_grayscale_grass,UNET_binary_grayscale_grass_1704598639.714935,13,0.1988078448510467,0.2406570216373224,0.7546718120574951,0.6264106035232544,0.9162158966064453,0.8781000971794128
UNET_binary_grayscale_grass,UNET_binary_grayscale_grass_1704597135.202978,20,0.19730621245407973,0.21379673931413828,0.7572900652885437,0.759765625,0.9169602990150452,0.9151020050048828
UNET_binary_grayscale_grass,UNET_binary_grayscale_grass_1704598639.714935,14,0.19589629275094572,0.2356446962194202,0.75772625207901,0.636583685874939,0.9173231720924377,0.88137286901474
UNET_binary_grayscale_grass,UNET_binary_grayscale_grass_1704598639.714935,15,0.1941533678287501,0.24662432931416575,0.7592477798461914,0.6270265579223633,0.9178326725959778,0.8782784938812256
UNET_binary_grayscale_grass,UNET_binary_grayscale_grass_1704598639.714935,16,0.18963851717125055,0.22500939992591631,0.7650260329246521,0.6734747886657715,0.9199459552764893,0.8925724625587463
UNET_binary_grayscale_grass,UNET_binary_grayscale_grass_1704598639.714935,17,0.18774740469121637,0.2249635081118235,0.7671096324920654,0.6791029572486877,0.9206710457801819,0.8944035768508911
UNET_binary_grayscale_grass,UNET_binary_grayscale_grass_1704598639.714935,18,0.1835534112017562,0.2124012275459841,0.7715089321136475,0.6989894509315491,0.9223142862319946,0.9003686308860779
UNET_binary_grayscale_bike-asphalt,UNET_binary_grayscale_bike-asphalt_1704602838.686229,1,0.3286084969128881,0.32060103623994757,0.31619730591773987,0.21425382792949677,0.8961101174354553,0.889157235622406
UNET_binary_grayscale_bike-asphalt,UNET_binary_grayscale_bike-asphalt_1704602838.686229,2,0.2639465920094933,0.9889584215623992,0.3575102984905243,0.21340961754322052,0.9042976498603821,0.6212639808654785
UNET_binary_grayscale_grass,UNET_binary_grayscale_grass_1704598639.714935,19,0.18053549945195374,0.21150901527866023,0.7754077911376953,0.6996179223060608,0.9237381815910339,0.9007533192634583
UNET_binary_grayscale_bike-asphalt,UNET_binary_grayscale_bike-asphalt_1704602838.686229,3,0.25728392148656504,0.2842663646276508,0.3499513864517212,0.29691654443740845,0.9047032594680786,0.9032149910926819
UNET_binary_grayscale_bike-asphalt,UNET_binary_grayscale_bike-asphalt_1704602838.686229,4,0.24687220601897156,0.25595543985920294,0.38327017426490784,0.37172529101371765,0.9092241525650024,0.9109774827957153
UNET_binary_grayscale_bike-asphalt,UNET_binary_grayscale_bike-asphalt_1704602838.686229,5,0.24193549834723985,0.29032732280237333,0.3981586992740631,0.44455623626708984,0.9113961458206177,0.8953227996826172
UNET_binary_grayscale_bike-asphalt,UNET_binary_grayscale_bike-asphalt_1704602838.686229,6,0.23642621601798705,1.4294664348874773,0.40639036893844604,0.1974157840013504,0.9132570624351501,0.5648115277290344
UNET_binary_grayscale_bike-asphalt,UNET_binary_grayscale_bike-asphalt_1704602838.686229,7,0.22955199384263583,0.5842763621892247,0.4230254590511322,0.3238106071949005,0.9160765409469604,0.7887250185012817
UNET_binary_grayscale_bike-asphalt,UNET_binary_grayscale_bike-asphalt_1704602838.686229,8,0.22514021503073828,0.608233084369983,0.4284876585006714,0.29163119196891785,0.9167968034744263,0.7500296235084534
UNET_binary_grayscale_bike-asphalt,UNET_binary_grayscale_bike-asphalt_1704602838.686229,9,0.2202343505674175,0.7300106986824956,0.4421684145927429,0.26947274804115295,0.9188695549964905,0.7167929410934448
UNET_binary_grayscale_bike-asphalt,UNET_binary_grayscale_bike-asphalt_1704602838.686229,10,0.22051172763375299,0.41871299035847187,0.4313964545726776,0.3925790786743164,0.9174895286560059,0.8474112749099731
UNET_binary_grayscale_bike-asphalt,UNET_binary_grayscale_bike-asphalt_1704602838.686229,11,0.21171917054536088,0.4266393817961216,0.45664364099502563,0.3831110894680023,0.9205604195594788,0.8363320231437683
UNET_binary_grayscale_bike-asphalt,UNET_binary_grayscale_bike-asphalt_1704602838.686229,12,0.21177080699375697,1.0014337311897958,0.4493612051010132,0.22287926077842712,0.9193375706672668,0.6156790852546692
UNET_binary_grayscale_bike-asphalt,UNET_binary_grayscale_bike-asphalt_1704602838.686229,13,0.2046841346392674,0.22324610222131014,0.4691835343837738,0.45867806673049927,0.9222837090492249,0.9184131622314453
UNET_binary_grayscale_bike-asphalt,UNET_binary_grayscale_bike-asphalt_1704602838.686229,14,0.19990867928468756,0.4016367508364575,0.48272705078125,0.39716121554374695,0.9244838356971741,0.8419879674911499
UNET_binary_grayscale_grass,UNET_binary_grayscale_grass_1704598639.714935,20,0.17836257331736147,0.21681118875763156,0.7782220840454102,0.6887297034263611,0.9247521162033081,0.8976662158966064
UNET_binary_grayscale_bike-asphalt,UNET_binary_grayscale_bike-asphalt_1704602838.686229,15,0.1979990231006273,0.22785543390948856,0.4888572692871094,0.46089285612106323,0.924690306186676,0.9240919351577759
UNET_binary_grayscale_bike-asphalt,UNET_binary_grayscale_bike-asphalt_1704602838.686229,16,0.1947551041708461,0.20912055963916437,0.4974697232246399,0.5272793173789978,0.9259880781173706,0.9313219785690308
UNET_binary_grayscale_bike-asphalt,UNET_binary_grayscale_bike-asphalt_1704602838.686229,17,0.19273280625098518,0.2650367376793708,0.4925624430179596,0.29486989974975586,0.9251117706298828,0.9046880602836609
UNET_binary_grayscale_bike-asphalt,UNET_binary_grayscale_bike-asphalt_1704602838.686229,18,0.19745653149272716,0.20053966862282582,0.47873997688293457,0.5217740535736084,0.9239851236343384,0.9232478141784668
UNET_binary_grayscale_bike-asphalt,UNET_binary_grayscale_bike-asphalt_1704602838.686229,19,0.1894669231426503,0.21207410203559057,0.4994749128818512,0.5013027787208557,0.9263912439346313,0.9280238151550293
UNET_binary_grayscale_bike-asphalt,UNET_binary_grayscale_bike-asphalt_1704602838.686229,20,0.18879511127514498,0.357997078448534,0.49332258105278015,0.4028594195842743,0.9253487586975098,0.8603761792182922
UNET_binary_grayscale_asphalt,UNET_binary_grayscale_asphalt_1706482464.666767,1,0.8455409606297811,2686579288746.6665,0.23874348402023315,0.3466772139072418,0.5742868185043335,0.3466772139072418
UNET_binary_grayscale_asphalt,UNET_binary_grayscale_asphalt_1706482464.666767,2,0.7696450352668762,38755224.666666664,0.04189663752913475,0.0,0.6407903432846069,0.6533228158950806
UNET_binary_grayscale_asphalt,UNET_binary_grayscale_asphalt_1706482464.666767,3,0.7255829572677612,158790.75,0.0,0.3466772139072418,0.640316367149353,0.3466772139072418
UNET_binary_grayscale_asphalt,UNET_binary_grayscale_asphalt_1706482464.666767,4,0.6625581781069437,49625.514322916664,0.08231319487094879,0.3466724455356598,0.6703386306762695,0.3466724455356598
UNET_binary_grayscale_asphalt,UNET_binary_grayscale_asphalt_1706482464.666767,5,0.6317065954208374,4108.427083333333,0.07677220553159714,0.34667205810546875,0.6698667407035828,0.3466814160346985
