EXPERIMENT_NAME,EXPERIMENT_NAME_VERSION,epoch_number,train_loss,val_loss,train_metric_iou,val_metric_iou,train_metric_accuracy,val_metric_accuracy,train_masked_iou,val_masked_iou,train_masked_accuracy,val_masked_accuracy
UNET_binary_grayscale_asphalt,UNET_binary_grayscale_asphalt_MASKED_METRICS_1707027692.720912,1,0.45860503566265104,0.5980702627897263,0.44717496633529663,0.0,0.7635127902030945,0.7155780792236328,0.6601994633674622,0.0,0.6601994633674622,0.0
UNET_binary_grayscale_asphalt,UNET_binary_grayscale_asphalt_MASKED_METRICS_1707027692.720912,2,0.43094939440488816,0.6905968238115311,0.4397294521331787,0.013421491719782352,0.7796704173088074,0.7192809581756592,0.5968130230903625,0.013426966965198517,0.5968130230903625,0.013426965102553368
UNET_binary_grayscale_asphalt,UNET_binary_grayscale_asphalt_MASKED_METRICS_1707027692.720912,3,0.4237410901784897,0.793466663479805,0.44930657744407654,0.0,0.7860637307167053,0.7155780792236328,0.6024140119552612,0.0,0.6024140119552612,0.0
UNET_binary_grayscale_asphalt,UNET_binary_grayscale_asphalt_MASKED_METRICS_1707027692.720912,4,0.41720323407649995,0.7865031878948212,0.454365074634552,0.0,0.7906988859176636,0.7155780792236328,0.6015226244926453,0.0,0.6015226244926453,0.0
UNET_binary_grayscale_asphalt,UNET_binary_grayscale_asphalt_MASKED_METRICS_1707027692.720912,5,0.4140270848870277,0.9080172870457173,0.45655152201652527,0.0009821192361414433,0.7943868637084961,0.715749979019165,0.5961562991142273,0.0009824903681874275,0.5961562991142273,0.0009824903681874275
UNET_binary_grayscale_asphalt,UNET_binary_grayscale_asphalt_MASKED_METRICS_1707027692.720912,6,0.4096182491183281,0.7016164452880621,0.4593410789966583,0.0,0.7969961762428284,0.7155780792236328,0.5952423810958862,0.0,0.5952423810958862,0.0
UNET_binary_grayscale_asphalt,UNET_binary_grayscale_asphalt_MASKED_METRICS_1707027692.720912,7,0.40481670916080476,0.5956853941380977,0.46357113122940063,0.002033377066254616,0.8003261089324951,0.716073215007782,0.5955294966697693,0.0020339726470410824,0.5955294966697693,0.0020339726470410824
UNET_binary_grayscale_asphalt,UNET_binary_grayscale_asphalt_MASKED_METRICS_1707027692.720912,8,0.4003261607289314,0.5955499150454998,0.4719550311565399,0.10388416796922684,0.8016130924224854,0.742109477519989,0.6119564175605774,0.10511323809623718,0.6119564175605774,0.10511323809623718
UNET_binary_grayscale_asphalt,UNET_binary_grayscale_asphalt_MASKED_METRICS_1707027692.720912,9,0.39806849133968353,0.4454063720405102,0.480267196893692,0.3621905446052551,0.8053290247917175,0.8047841191291809,0.6208429932594299,0.3897607922554016,0.6208429932594299,0.3897607624530792
UNET_binary_grayscale_asphalt,UNET_binary_grayscale_asphalt_MASKED_METRICS_1707027692.720912,10,0.3914773163199425,0.41133347135782244,0.48855727910995483,0.42242303490638733,0.80836421251297,0.8178514242172241,0.6317899823188782,0.4683821499347687,0.6317899823188782,0.4683821499347687
UNET_binary_grayscale_asphalt,UNET_binary_grayscale_asphalt_MASKED_METRICS_1707027692.720912,11,0.3845979668498039,0.47878086659312247,0.5035154223442078,0.3048686385154724,0.8148494362831116,0.7871905565261841,0.6480520367622375,0.3281509578227997,0.6480520367622375,0.3281509280204773
UNET_binary_grayscale_asphalt,UNET_binary_grayscale_asphalt_MASKED_METRICS_1707027692.720912,12,0.3831117125749588,0.41815861107409,0.5037897825241089,0.3986121714115143,0.8154193162918091,0.8132316470146179,0.6467668414115906,0.43524736166000366,0.6467668414115906,0.4352473318576813
UNET_binary_grayscale_asphalt,UNET_binary_grayscale_asphalt_MASKED_METRICS_1707027692.720912,13,0.3758988448381424,0.3795796200335026,0.5167623162269592,0.5051771998405457,0.8215137124061584,0.838581919670105,0.6587379574775696,0.579406201839447,0.65873783826828,0.5794061422348022
UNET_binary_grayscale_asphalt,UNET_binary_grayscale_asphalt_MASKED_METRICS_1707027692.720912,14,0.3704652960300446,0.40025214332342146,0.5250913500785828,0.4045043885707855,0.8250792622566223,0.8073517084121704,0.6674883961677551,0.4600940942764282,0.6674883961677551,0.4600940942764282
UNET_binary_grayscale_asphalt,UNET_binary_grayscale_asphalt_MASKED_METRICS_1707027692.720912,15,0.3726386377811432,0.3671220574378967,0.5190047025680542,0.5031359791755676,0.8226622343063354,0.8392841815948486,0.6604036688804626,0.5721940994262695,0.6604036688804626,0.5721940994262695
UNET_binary_grayscale_asphalt,UNET_binary_grayscale_asphalt_MASKED_METRICS_1707027692.720912,16,0.3635615636110306,0.3562108784019947,0.5361846089363098,0.5654203295707703,0.8295654058456421,0.8529056310653687,0.6799931526184082,0.6728758811950684,0.6799931526184082,0.6728758811950684
UNET_binary_grayscale_asphalt,UNET_binary_grayscale_asphalt_MASKED_METRICS_1707027692.720912,17,0.3556474767923355,0.3619452423751354,0.5503773093223572,0.573540210723877,0.835397481918335,0.8502456545829773,0.695387065410614,0.7081122994422913,0.695387065410614,0.7081122994422913
UNET_binary_grayscale_asphalt,UNET_binary_grayscale_asphalt_MASKED_METRICS_1707027692.720912,18,0.35440467250347135,0.34890327405929566,0.5540436506271362,0.5750910639762878,0.8370765447616577,0.8490080237388611,0.6985750198364258,0.7185078263282776,0.6985750198364258,0.7185078263282776
UNET_binary_grayscale_asphalt,UNET_binary_grayscale_asphalt_MASKED_METRICS_1707027692.720912,19,0.3459440582096577,0.34397226214408877,0.5692474842071533,0.5935443043708801,0.842308759689331,0.8463398218154907,0.719214677810669,0.7889293432235718,0.719214677810669,0.7889293432235718
UNET_binary_grayscale_asphalt,UNET_binary_grayscale_asphalt_MASKED_METRICS_1707027692.720912,20,0.34255106875300406,0.34296660134196283,0.5737841725349426,0.5753631591796875,0.8452138900756836,0.853223979473114,0.7191654443740845,0.6992237567901611,0.7191654443740845,0.6992237567901611
UNET_binary_grayscale_asphalt,UNET_binary_grayscale_asphalt_MASKED_METRICS_1707028243.452903,1,0.4541112894415855,0.8266322166025638,0.44438955187797546,0.0,0.7708203196525574,0.7155653238296509,0.6326264142990112,0.0,0.6326264142990112,0.0
UNET_binary_grayscale_asphalt,UNET_binary_grayscale_asphalt_MASKED_METRICS_1707028243.452903,2,0.4300410115122795,0.6974453389644623,0.4289381802082062,0.0,0.7827407121658325,0.7155780792236328,0.5632065534591675,0.0,0.5632064938545227,0.0
UNET_binary_grayscale_asphalt,UNET_binary_grayscale_asphalt_MASKED_METRICS_1707028243.452903,3,0.4223801566362381,0.6795398193895816,0.43637511134147644,0.0,0.789646565914154,0.7155780792236328,0.5620787739753723,0.0,0.5620787739753723,0.0
UNET_binary_grayscale_asphalt,UNET_binary_grayscale_asphalt_MASKED_METRICS_1707028243.452903,4,0.4128728782534599,0.9682040573656558,0.44496598839759827,0.0,0.7934958934783936,0.7155780792236328,0.5713649392127991,0.0,0.5713648796081543,0.0
UNET_binary_grayscale_asphalt,UNET_binary_grayscale_asphalt_MASKED_METRICS_1707028243.452903,5,0.414411755502224,0.9558904184550047,0.4517326056957245,0.0,0.7879525423049927,0.7155780792236328,0.6029759049415588,0.0,0.6029759049415588,0.0
UNET_binary_grayscale_asphalt,UNET_binary_grayscale_asphalt_MASKED_METRICS_1707028243.452903,6,0.4063793178796768,0.5662941011786461,0.46721211075782776,0.17206065356731415,0.7969722747802734,0.7620300054550171,0.6144590377807617,0.17387697100639343,0.6144590377807617,0.17387697100639343
UNET_binary_grayscale_asphalt,UNET_binary_grayscale_asphalt_MASKED_METRICS_1707028243.452903,7,0.400756551861763,1.1358087490051985,0.4736945331096649,0.0,0.801577627658844,0.715578019618988,0.6163520812988281,0.0,0.6163520812988281,0.0
UNET_binary_grayscale_asphalt,UNET_binary_grayscale_asphalt_MASKED_METRICS_1707028243.452903,8,0.39344095247983935,1.0148702203184365,0.4760396480560303,0.0,0.8084672093391418,0.715578019618988,0.6005727052688599,0.0,0.6005726456642151,0.0
UNET_binary_grayscale_asphalt,UNET_binary_grayscale_asphalt_MASKED_METRICS_1707028243.452903,9,0.3895505601763725,0.7099784425497055,0.5017033219337463,0.022718818858265877,0.8135764002799988,0.7210791707038879,0.6477950811386108,0.02279733307659626,0.6477950811386108,0.02279733307659626
UNET_binary_grayscale_asphalt,UNET_binary_grayscale_asphalt_MASKED_METRICS_1707028243.452903,10,0.38985969191789627,0.9571038989722729,0.48936161398887634,0.00450493348762393,0.8110383152961731,0.7166550159454346,0.6249825954437256,0.004508183803409338,0.6249825954437256,0.004508183803409338
UNET_binary_grayscale_asphalt,UNET_binary_grayscale_asphalt_MASKED_METRICS_1707028243.452903,11,0.3841775332689285,1.156861590474844,0.49421799182891846,0.0,0.816081702709198,0.715578019618988,0.6202371716499329,0.0,0.6202371716499329,0.0
UNET_binary_grayscale_asphalt,UNET_binary_grayscale_asphalt_MASKED_METRICS_1707028243.452903,12,0.3807954840064049,0.8572953959107399,0.49213215708732605,0.013130704872310162,0.8161361217498779,0.7191988229751587,0.614901065826416,0.013136030174791813,0.614901065826416,0.013136030174791813
UNET_binary_grayscale_asphalt,UNET_binary_grayscale_asphalt_MASKED_METRICS_1707028243.452903,13,0.3754704149365425,0.7368062546849251,0.5132489800453186,0.04310845956206322,0.8231021165847778,0.7270963788032532,0.643756628036499,0.04322609305381775,0.643756628036499,0.04322608932852745
UNET_binary_grayscale_bike-asphalt,UNET_binary_grayscale_bike-asphalt_MASKED_METRICS_1707028586.111704,1,0.3211628423471536,0.46410275769553017,0.33714473247528076,0.2448362410068512,0.8883109092712402,0.7181037068367004,0.43057551980018616,0.6878878474235535,0.43057551980018616,0.6878878474235535
UNET_binary_grayscale_asphalt,UNET_binary_grayscale_asphalt_MASKED_METRICS_1707028243.452903,14,0.3729829390645027,0.6765321418344975,0.5158929228782654,0.195984348654747,0.8236062526702881,0.7686936259269714,0.6487525701522827,0.19823549687862396,0.6487525105476379,0.19823546707630157
UNET_binary_grayscale_bike-asphalt,UNET_binary_grayscale_bike-asphalt_MASKED_METRICS_1707028586.111704,2,0.27345546594421777,0.7726603463026029,0.3728898763656616,0.20291994512081146,0.902090847492218,0.6121454238891602,0.44126662611961365,0.7431650161743164,0.44126662611961365,0.7431650161743164
UNET_binary_grayscale_asphalt,UNET_binary_grayscale_asphalt_MASKED_METRICS_1707028243.452903,15,0.37033826744556425,0.42514087411761287,0.5231578350067139,0.5064795613288879,0.8266443610191345,0.8342107534408569,0.6564080119132996,0.5982049107551575,0.6564080119132996,0.5982049107551575
UNET_binary_grayscale_bike-asphalt,UNET_binary_grayscale_bike-asphalt_MASKED_METRICS_1707028586.111704,3,0.26617906538636554,0.6261231880635023,0.37905606627464294,0.22618122398853302,0.9049757719039917,0.668551504611969,0.43966972827911377,0.7291670441627502,0.43966972827911377,0.7291670441627502
UNET_binary_grayscale_bike-asphalt,UNET_binary_grayscale_bike-asphalt_MASKED_METRICS_1707028586.111704,4,0.2606927316436278,0.6578146457406027,0.3905021548271179,0.2331588864326477,0.9073918461799622,0.6907862424850464,0.44971925020217896,0.7076182961463928,0.44971925020217896,0.7076182961463928
UNET_binary_grayscale_asphalt,UNET_binary_grayscale_asphalt_MASKED_METRICS_1707028243.452903,16,0.36803368854522706,0.45512402573227884,0.5239707231521606,0.38770031929016113,0.8263406753540039,0.8138622641563416,0.6597039699554443,0.41438448429107666,0.6597039699554443,0.41438448429107666
UNET_binary_grayscale_bike-asphalt,UNET_binary_grayscale_bike-asphalt_MASKED_METRICS_1707028586.111704,5,0.2580246007336037,0.29970067739486694,0.3975648880004883,0.3991756737232208,0.908141553401947,0.8803973197937012,0.45947059988975525,0.5980687141418457,0.45947059988975525,0.5980687141418457
UNET_binary_grayscale_asphalt,UNET_binary_grayscale_asphalt_MASKED_METRICS_1707028243.452903,17,0.36870298302173615,0.6928155789673328,0.5246633887290955,0.025328805670142174,0.8274271488189697,0.7226575613021851,0.6574001908302307,0.025340186432003975,0.6574001908302307,0.025340186432003975
UNET_binary_grayscale_bike-asphalt,UNET_binary_grayscale_bike-asphalt_MASKED_METRICS_1707028586.111704,6,0.2536366023788495,0.4138257893334542,0.4108014702796936,0.27195870876312256,0.9091790914535522,0.7700891494750977,0.4799513816833496,0.64639812707901,0.4799513816833496,0.64639812707901
UNET_binary_grayscale_asphalt,UNET_binary_grayscale_asphalt_MASKED_METRICS_1707028243.452903,18,0.3623085687160492,0.5982386227250099,0.5303390026092529,0.11169003695249557,0.8312642574310303,0.7464827299118042,0.6575879454612732,0.11207129061222076,0.6575879454612732,0.11207128316164017
UNET_binary_grayscale_bike-asphalt,UNET_binary_grayscale_bike-asphalt_MASKED_METRICS_1707028586.111704,7,0.2514865603297949,0.6753888828679919,0.40862467885017395,0.1556481271982193,0.9080187678337097,0.6432247757911682,0.48172757029533386,0.4950040280818939,0.48172757029533386,0.4950040280818939
UNET_binary_grayscale_asphalt,UNET_binary_grayscale_asphalt_MASKED_METRICS_1707028243.452903,19,0.3631317639350891,0.38120836240053174,0.5301083922386169,0.5349170565605164,0.8306175470352173,0.8380991220474243,0.6594973802566528,0.6546996831893921,0.6594973802566528,0.6546996831893921
UNET_binary_grayscale_bike-asphalt,UNET_binary_grayscale_bike-asphalt_MASKED_METRICS_1707028586.111704,8,0.2462357187177986,0.45996616328401224,0.41794154047966003,0.301133394241333,0.9097617268562317,0.7612713575363159,0.49111244082450867,0.7742173671722412,0.49111244082450867,0.7742173671722412
UNET_binary_grayscale_bike-asphalt,UNET_binary_grayscale_bike-asphalt_MASKED_METRICS_1707028586.111704,9,0.24239677776183402,0.573861693165132,0.4267522096633911,0.2414759397506714,0.9109855890274048,0.6680929064750671,0.5022670030593872,0.7952700853347778,0.5022670030593872,0.7952700853347778
UNET_binary_grayscale_asphalt,UNET_binary_grayscale_asphalt_MASKED_METRICS_1707028243.452903,20,0.35883379250764846,0.5939725252091884,0.5297224521636963,0.008226163685321808,0.8300786018371582,0.7133980989456177,0.6605715155601501,0.008357968181371689,0.6605715155601501,0.008357968181371689
UNET_binary_grayscale_bike-asphalt,UNET_binary_grayscale_bike-asphalt_MASKED_METRICS_1707028586.111704,10,0.23715522792190313,0.4637584521302155,0.44406208395957947,0.3000953197479248,0.9146503806114197,0.7665000557899475,0.516725480556488,0.7535303235054016,0.516725480556488,0.7535303235054016
UNET_binary_grayscale_bike-asphalt,UNET_binary_grayscale_bike-asphalt_MASKED_METRICS_1707028586.111704,11,0.23202548748148338,0.23447968481507683,0.44952982664108276,0.4675385355949402,0.9154003858566284,0.9158818125724792,0.5236415266990662,0.5559206604957581,0.5236415266990662,0.5559206604957581
UNET_binary_grayscale_bike-asphalt,UNET_binary_grayscale_bike-asphalt_MASKED_METRICS_1707028586.111704,12,0.22732485155574977,0.636648192735655,0.4604961574077606,0.25121214985847473,0.9168508648872375,0.6757097840309143,0.5379354357719421,0.8188593983650208,0.5379354357719421,0.8188593983650208
UNET_binary_grayscale_bike-asphalt,UNET_binary_grayscale_bike-asphalt_MASKED_METRICS_1707028586.111704,13,0.22694913750248297,0.4344724573727165,0.4647902250289917,0.33917444944381714,0.9171834588050842,0.7983036041259766,0.545118510723114,0.7791627645492554,0.545118510723114,0.7791627645492554
UNET_binary_grayscale_bike-asphalt,UNET_binary_grayscale_bike-asphalt_MASKED_METRICS_1707028586.111704,14,0.22366442890571697,0.25212118646595627,0.4713941812515259,0.45714235305786133,0.9186773300170898,0.9145187735557556,0.5496732592582703,0.5417886972427368,0.5496732592582703,0.5417886972427368
UNET_binary_grayscale_clinkers,UNET_binary_grayscale_clinkers_MASKED_METRICS_1707028890.230245,1,0.5288257907543864,0.7946080778326307,0.15690845251083374,0.05175746977329254,0.8094109296798706,0.5862244367599487,0.2460903823375702,0.2236245572566986,0.2460903823375702,0.2236245572566986
UNET_binary_grayscale_clinkers,UNET_binary_grayscale_clinkers_MASKED_METRICS_1707028890.230245,2,0.42129423362868174,0.3855129437787192,0.11566045880317688,0.268546462059021,0.8497896194458008,0.8492889404296875,0.13629841804504395,0.5478716492652893,0.13629841804504395,0.5478716492652893
UNET_binary_grayscale_clinkers,UNET_binary_grayscale_clinkers_MASKED_METRICS_1707028890.230245,3,0.38847380770104273,0.36882801566805157,0.10033956170082092,0.18030902743339539,0.8566972017288208,0.8319516777992249,0.11088509857654572,0.36601802706718445,0.11088509857654572,0.36601802706718445
UNET_binary_grayscale_bike-asphalt,UNET_binary_grayscale_bike-asphalt_MASKED_METRICS_1707028586.111704,15,0.2176429297375892,0.4746838764154485,0.48385342955589294,0.3267046809196472,0.9206212759017944,0.7718061804771423,0.5640087127685547,0.8333881497383118,0.5640087127685547,0.8333881497383118
UNET_binary_grayscale_clinkers,UNET_binary_grayscale_clinkers_MASKED_METRICS_1707028890.230245,4,0.3692464147295271,0.3323481210640499,0.11669623106718063,0.2595847547054291,0.8553932905197144,0.8459123969078064,0.13254405558109283,0.5348999500274658,0.13254405558109283,0.5348999500274658
UNET_binary_grayscale_clinkers,UNET_binary_grayscale_clinkers_MASKED_METRICS_1707028890.230245,5,0.37528232485055923,0.2721062856061118,0.10865458101034164,0.2677838206291199,0.8540681600570679,0.914932131767273,0.12341760843992233,0.3080432415008545,0.12341760843992233,0.3080432415008545
UNET_binary_grayscale_clinkers,UNET_binary_grayscale_clinkers_MASKED_METRICS_1707028890.230245,6,0.3619421640677111,0.30870684342724936,0.08589868992567062,0.26030850410461426,0.8566431999206543,0.8471611738204956,0.09346209466457367,0.5325648784637451,0.09346209466457367,0.5325648784637451
UNET_binary_grayscale_clinkers,UNET_binary_grayscale_clinkers_MASKED_METRICS_1707028890.230245,7,0.3531650224966662,0.25051996218306677,0.10223761200904846,0.06864238530397415,0.8595921397209167,0.9031038284301758,0.11093425005674362,0.0707104355096817,0.11093425005674362,0.0707104355096817
UNET_binary_grayscale_clinkers,UNET_binary_grayscale_clinkers_MASKED_METRICS_1707028890.230245,8,0.342926665608372,0.29170214597667965,0.119939886033535,0.22254891693592072,0.8607468605041504,0.9068419337272644,0.1316683143377304,0.264042466878891,0.1316683143377304,0.264042466878891
UNET_binary_grayscale_bike-asphalt,UNET_binary_grayscale_bike-asphalt_MASKED_METRICS_1707028586.111704,16,0.21674303454346955,0.8294265416583845,0.492828369140625,0.22198864817619324,0.9216918349266052,0.5850467681884766,0.5767514109611511,0.8911229372024536,0.5767514109611511,0.8911229372024536
UNET_binary_grayscale_clinkers,UNET_binary_grayscale_clinkers_MASKED_METRICS_1707028890.230245,9,0.3508270787341254,0.27626844575362547,0.1161726862192154,0.0005982865113765001,0.8609470129013062,0.8975892663002014,0.12680664658546448,0.0006070375675335526,0.12680664658546448,0.0006070375675335526
UNET_binary_grayscale_clinkers,UNET_binary_grayscale_clinkers_MASKED_METRICS_1707028890.230245,10,0.34315375132220133,0.3120322389794247,0.140847846865654,0.018077664077281952,0.8642342686653137,0.8982043862342834,0.15441709756851196,0.018556464463472366,0.15441709756851196,0.018556464463472366
UNET_binary_grayscale_clinkers,UNET_binary_grayscale_clinkers_MASKED_METRICS_1707028890.230245,11,0.33841971095119205,0.31182779584612164,0.14562533795833588,0.21047580242156982,0.864636242389679,0.8307875394821167,0.16007226705551147,0.4466528594493866,0.16007226705551147,0.4466528594493866
UNET_binary_grayscale_clinkers,UNET_binary_grayscale_clinkers_MASKED_METRICS_1707028890.230245,12,0.32894898684961454,0.32865786073463304,0.19793127477169037,1.0778286196000408e-05,0.8698264360427856,0.898879885673523,0.22286948561668396,1.0791779459395912e-05,0.22286948561668396,1.0791779459395912e-05
UNET_binary_grayscale_clinkers,UNET_binary_grayscale_clinkers_MASKED_METRICS_1707028890.230245,13,0.32853001036814283,0.28851379454135895,0.16713277995586395,0.0002081517450278625,0.8681592345237732,0.8952988386154175,0.18355263769626617,0.00021583559282589704,0.18355263769626617,0.00021583559282589704
UNET_binary_grayscale_clinkers,UNET_binary_grayscale_clinkers_MASKED_METRICS_1707028890.230245,14,0.3218626177736691,0.2707229368388653,0.17389130592346191,0.2223510593175888,0.86237633228302,0.9177630543708801,0.2009827345609665,0.23282185196876526,0.2009827345609665,0.23282185196876526
UNET_binary_grayscale_bike-asphalt,UNET_binary_grayscale_bike-asphalt_MASKED_METRICS_1707028586.111704,17,0.21222192185398722,0.2547210330542709,0.5025307536125183,0.46933919191360474,0.9239174723625183,0.8963295221328735,0.5825351476669312,0.6901102662086487,0.5825351476669312,0.6901102662086487
UNET_binary_grayscale_clinkers,UNET_binary_grayscale_clinkers_MASKED_METRICS_1707028890.230245,15,0.32210532469408854,0.262334617120879,0.18629176914691925,0.36850544810295105,0.8688589930534363,0.9178112745285034,0.20829957723617554,0.47488415241241455,0.20829957723617554,0.47488415241241455
UNET_binary_grayscale_clinkers,UNET_binary_grayscale_clinkers_MASKED_METRICS_1707028890.230245,16,0.3356613229428019,0.3307287948472159,0.15774746239185333,0.10603637248277664,0.8662077188491821,0.8016387224197388,0.17385055124759674,0.23296618461608887,0.17385055124759674,0.23296618461608887
UNET_binary_grayscale_clinkers,UNET_binary_grayscale_clinkers_MASKED_METRICS_1707028890.230245,17,0.3221349982278688,0.3201630541256496,0.17876428365707397,0.000340386905008927,0.8704296350479126,0.8967711329460144,0.1956786960363388,0.00034803489688783884,0.1956786960363388,0.00034803489688783884
UNET_binary_grayscale_clinkers,UNET_binary_grayscale_clinkers_MASKED_METRICS_1707028890.230245,18,0.32346807952438084,0.31142705572502954,0.20535412430763245,0.0004150609311182052,0.8706002235412598,0.8986162543296814,0.2320001870393753,0.00041683248127810657,0.2320001870393753,0.00041683248127810657
UNET_binary_grayscale_clinkers,UNET_binary_grayscale_clinkers_MASKED_METRICS_1707028890.230245,19,0.31957523577979635,0.3319846178804125,0.16846774518489838,0.25728967785835266,0.8673074841499329,0.8663874864578247,0.1865130215883255,0.45830124616622925,0.1865130215883255,0.45830124616622925
UNET_binary_grayscale_clinkers,UNET_binary_grayscale_clinkers_MASKED_METRICS_1707028890.230245,20,0.3237546299185072,0.2917260064610413,0.18015991151332855,0.00016843793855514377,0.8614793419837952,0.8981034159660339,0.21118766069412231,0.00016997053171508014,0.21118766069412231,0.00016997053171508014
UNET_binary_grayscale_bike-asphalt,UNET_binary_grayscale_bike-asphalt_MASKED_METRICS_1707028586.111704,18,0.20717636765246944,0.31340220869917956,0.5127962827682495,0.4167705774307251,0.9254012107849121,0.8660754561424255,0.5951234102249146,0.7202966809272766,0.5951234102249146,0.7202966809272766
UNET_binary_grayscale_clinkers,UNET_binary_grayscale_clinkers_MASKED_METRICS_1707028972.251003,1,0.5287977882793972,0.7672858536243439,0.15679633617401123,0.04910033941268921,0.809382975101471,0.5936148762702942,0.2459178864955902,0.20777277648448944,0.2459178864955902,0.20777277648448944
UNET_binary_grayscale_clinkers,UNET_binary_grayscale_clinkers_MASKED_METRICS_1707028972.251003,2,0.42146000798259464,0.3854888698884419,0.11532723903656006,0.26734352111816406,0.8497315049171448,0.8485242128372192,0.1359070986509323,0.5472848415374756,0.1359070986509323,0.5472848415374756
UNET_binary_grayscale_clinkers,UNET_binary_grayscale_clinkers_MASKED_METRICS_1707028972.251003,3,0.386703577956983,0.4230901449918747,0.10249707102775574,0.191588893532753,0.8573850393295288,0.7662229537963867,0.11299669742584229,0.5485812425613403,0.11299669742584229,0.5485812425613403
UNET_binary_grayscale_bike-asphalt,UNET_binary_grayscale_bike-asphalt_MASKED_METRICS_1707028586.111704,19,0.20693517080508173,0.26479565777948927,0.512378454208374,0.4785863161087036,0.925505518913269,0.8985511064529419,0.5932983756065369,0.7008395791053772,0.5932983756065369,0.7008395791053772
UNET_binary_grayscale_clinkers,UNET_binary_grayscale_clinkers_MASKED_METRICS_1707028972.251003,4,0.3800478923533644,0.4195001359496798,0.10020188987255096,0.045871417969465256,0.8557308912277222,0.8417501449584961,0.11146262288093567,0.07533201575279236,0.11146262288093567,0.07533201575279236
UNET_binary_grayscale_clinkers,UNET_binary_grayscale_clinkers_MASKED_METRICS_1707028972.251003,5,0.3684398813971451,0.3140578418970108,0.09661489725112915,0.26016730070114136,0.8585609793663025,0.8513113856315613,0.10494589060544968,0.5177235007286072,0.10494589060544968,0.5177235007286072
UNET_binary_grayscale_clinkers,UNET_binary_grayscale_clinkers_MASKED_METRICS_1707028972.251003,6,0.3709656936781747,0.26832369927849087,0.10216087847948074,0.0340297631919384,0.8578852415084839,0.9003321528434753,0.11218901723623276,0.03476571664214134,0.11218901723623276,0.03476571664214134
UNET_binary_grayscale_clinkers,UNET_binary_grayscale_clinkers_MASKED_METRICS_1707028972.251003,7,0.3564816362091473,0.2573924000774111,0.09390497952699661,0.24441328644752502,0.860000491142273,0.9108092188835144,0.10066220909357071,0.2856678366661072,0.10066220909357071,0.2856678366661072
UNET_binary_grayscale_clinkers,UNET_binary_grayscale_clinkers_MASKED_METRICS_1707028972.251003,8,0.35281334604535786,0.31130149002586094,0.11734683066606522,0.2883848249912262,0.8604475855827332,0.8665218353271484,0.1287192702293396,0.5355973839759827,0.1287192702293396,0.5355973839759827
UNET_binary_grayscale_clinkers,UNET_binary_grayscale_clinkers_MASKED_METRICS_1707028972.251003,9,0.3524503255529063,0.30251665306942804,0.095091812312603,0.2681150436401367,0.8575934767723083,0.8421918153762817,0.1038229838013649,0.5724121928215027,0.1038229838013649,0.5724121928215027
UNET_binary_grayscale_bike-asphalt,UNET_binary_grayscale_bike-asphalt_MASKED_METRICS_1707028586.111704,20,0.2098524931685201,0.317133446490126,0.5084580779075623,0.4157940745353699,0.9248349070549011,0.8615207076072693,0.5893204808235168,0.7418067455291748,0.5893204808235168,0.7418067455291748
UNET_binary_grayscale_clinkers,UNET_binary_grayscale_clinkers_MASKED_METRICS_1707028972.251003,10,0.34616649416940554,0.27559312379785944,0.13318601250648499,0.33489903807640076,0.8636425137519836,0.9033708572387695,0.14535728096961975,0.4817652702331543,0.14535728096961975,0.4817652702331543
UNET_binary_grayscale_clinkers,UNET_binary_grayscale_clinkers_MASKED_METRICS_1707028972.251003,11,0.34051153755613733,0.2647725375635283,0.12352855503559113,0.27278417348861694,0.8638226389884949,0.9135684967041016,0.13315559923648834,0.32101765275001526,0.13315559923648834,0.32101765275001526
UNET_binary_grayscale_clinkers,UNET_binary_grayscale_clinkers_MASKED_METRICS_1707028972.251003,12,0.33706565254500936,0.3068107132400785,0.13445310294628143,0.24750971794128418,0.862648606300354,0.8575402498245239,0.14802607893943787,0.46396422386169434,0.14802607893943787,0.46396422386169434
UNET_binary_grayscale_clinkers,UNET_binary_grayscale_clinkers_MASKED_METRICS_1707028972.251003,13,0.3360809768949236,0.26772869750857353,0.13686330616474152,0.28395330905914307,0.8629837036132812,0.9170544743537903,0.15073172748088837,0.3256864547729492,0.15073172748088837,0.3256864547729492
UNET_binary_grayscale_clinkers,UNET_binary_grayscale_clinkers_MASKED_METRICS_1707028972.251003,14,0.33718646690249443,0.2627974046128137,0.14191584289073944,0.23634475469589233,0.8659580945968628,0.9046211242675781,0.15380366146564484,0.2922818660736084,0.15380366146564484,0.2922818660736084
UNET_binary_grayscale_clinkers,UNET_binary_grayscale_clinkers_MASKED_METRICS_1707028972.251003,15,0.33307341965181486,0.3014684500438826,0.18229521811008453,0.038560185581445694,0.8665464520454407,0.8887203931808472,0.20641152560710907,0.044190987944602966,0.20641152560710907,0.044190987944602966
UNET_binary_grayscale_clinkers,UNET_binary_grayscale_clinkers_MASKED_METRICS_1707028972.251003,16,0.32977871117847307,0.25964903086423874,0.14435459673404694,0.2531760334968567,0.8674875497817993,0.9187010526657104,0.15510237216949463,0.27289173007011414,0.15510237216949463,0.27289173007011414
UNET_binary_grayscale_bike-asphalt,UNET_binary_grayscale_bike-asphalt_MASKED_METRICS_1707029016.358074,1,0.3164697595472847,0.3479254574381879,0.3359040319919586,0.3510671854019165,0.887316107749939,0.8397334814071655,0.4320034682750702,0.6525697708129883,0.4320034682750702,0.6525697708129883
UNET_binary_grayscale_clinkers,UNET_binary_grayscale_clinkers_MASKED_METRICS_1707028972.251003,17,0.32583252606647356,0.31922093459538053,0.1805276721715927,0.11908071488142014,0.869320809841156,0.8251578211784363,0.19972892105579376,0.23401974141597748,0.19972892105579376,0.23401974141597748
UNET_binary_grayscale_clinkers,UNET_binary_grayscale_clinkers_MASKED_METRICS_1707028972.251003,18,0.3266349770128727,0.27385095932653974,0.1764930635690689,0.14128555357456207,0.8658155798912048,0.8907951712608337,0.19952049851417542,0.17790652811527252,0.19952049851417542,0.17790652811527252
UNET_binary_grayscale_clinkers,UNET_binary_grayscale_clinkers_MASKED_METRICS_1707028972.251003,19,0.3229507159973894,0.2832709960639477,0.1852237731218338,0.0,0.8696416616439819,0.8990038633346558,0.2055995911359787,0.0,0.2055995911359787,0.0
UNET_binary_grayscale_clinkers,UNET_binary_grayscale_clinkers_MASKED_METRICS_1707028972.251003,20,0.31276554454650196,0.27328124323061537,0.20051485300064087,0.2063334882259369,0.8717750310897827,0.8969503045082092,0.22311758995056152,0.265264630317688,0.22311758995056152,0.265264630317688
UNET_binary_grayscale_bike-asphalt,UNET_binary_grayscale_bike-asphalt_MASKED_METRICS_1707029016.358074,2,0.27413064490870703,0.46595463515924557,0.36902859807014465,0.26270365715026855,0.899981677532196,0.738414466381073,0.44337448477745056,0.7015059590339661,0.44337448477745056,0.7015059590339661
UNET_binary_grayscale_bike-asphalt,UNET_binary_grayscale_bike-asphalt_MASKED_METRICS_1707029016.358074,3,0.26204937703109216,1.4975902124175005,0.3877605199813843,0.1794162094593048,0.903898298740387,0.5008154511451721,0.46133261919021606,0.8214734196662903,0.46133261919021606,0.8214734196662903
UNET_binary_grayscale_bike-asphalt,UNET_binary_grayscale_bike-asphalt_MASKED_METRICS_1707029016.358074,4,0.25764263993395226,0.304952154800828,0.3982550799846649,0.4121423065662384,0.9054322242736816,0.8760084509849548,0.47438713908195496,0.65427565574646,0.47438713908195496,0.65427565574646
UNET_binary_grayscale_bike-asphalt,UNET_binary_grayscale_bike-asphalt_MASKED_METRICS_1707029016.358074,5,0.2504826861633254,1.0990176661206144,0.4118756353855133,0.1987246721982956,0.9085488319396973,0.5556580424308777,0.48543062806129456,0.8294322490692139,0.48543062806129456,0.8294322490692139
UNET_binary_grayscale_bike-asphalt,UNET_binary_grayscale_bike-asphalt_MASKED_METRICS_1707029016.358074,6,0.24357468491819287,0.2333529344094651,0.43649938702583313,0.47200000286102295,0.9134402871131897,0.9150503277778625,0.5082129836082458,0.5715623497962952,0.5082129836082458,0.5715623497962952
UNET_binary_grayscale_bike-asphalt,UNET_binary_grayscale_bike-asphalt_MASKED_METRICS_1707029016.358074,7,0.2409223803718175,1.6431578562727995,0.4386444091796875,0.17997145652770996,0.9121493697166443,0.4915219843387604,0.5203078985214233,0.8399249315261841,0.5203078985214233,0.8399249315261841
UNET_binary_grayscale_bike-asphalt,UNET_binary_grayscale_bike-asphalt_MASKED_METRICS_1707029016.358074,8,0.23766027301150774,1.0506543016859464,0.44164595007896423,0.1947833150625229,0.9138762354850769,0.5362710952758789,0.5163313150405884,0.8442999720573425,0.5163313150405884,0.8442999720573425
UNET_binary_grayscale_bike-asphalt,UNET_binary_grayscale_bike-asphalt_MASKED_METRICS_1707029016.358074,9,0.2337889101555837,0.36269668283473167,0.4536156952381134,0.3824537694454193,0.9151002168655396,0.8433734178543091,0.5342410802841187,0.7300767302513123,0.5342410802841187,0.7300767302513123
UNET_binary_grayscale_grass,UNET_binary_grayscale_grass_MASKED_METRICS_1707029191.385062,1,0.4119086240530014,0.30465802255272867,0.5607638955116272,0.6422510743141174,0.8275814652442932,0.8729907870292664,0.707817018032074,0.7164708375930786,0.707817018032074,0.7164708375930786
UNET_binary_grayscale_bike-asphalt,UNET_binary_grayscale_bike-asphalt_MASKED_METRICS_1707029016.358074,10,0.23154535503791912,0.31489570828021635,0.45957472920417786,0.42861610651016235,0.9158746004104614,0.8704236149787903,0.5422360897064209,0.7315772771835327,0.5422360897064209,0.7315772771835327
UNET_binary_grayscale_grass,UNET_binary_grayscale_grass_MASKED_METRICS_1707029191.385062,2,0.38964708495140077,0.31046488788723947,0.5707730650901794,0.6083215475082397,0.8368472456932068,0.8636403679847717,0.6976313591003418,0.6654661893844604,0.6976313591003418,0.6654661893844604
UNET_binary_grayscale_bike-asphalt,UNET_binary_grayscale_bike-asphalt_MASKED_METRICS_1707029016.358074,11,0.22424589060912176,0.47698630711862017,0.479755163192749,0.31801867485046387,0.9195936918258667,0.7757971882820129,0.5620085597038269,0.7868916392326355,0.5620085597038269,0.7868916392326355
UNET_binary_grayscale_bike-asphalt,UNET_binary_grayscale_bike-asphalt_MASKED_METRICS_1707029016.358074,12,0.2236559673744653,0.34487856458872557,0.47798827290534973,0.4001595675945282,0.9193439483642578,0.8471270799636841,0.5597770810127258,0.7675764560699463,0.5597770810127258,0.7675764560699463
UNET_binary_grayscale_grass,UNET_binary_grayscale_grass_MASKED_METRICS_1707029191.385062,3,0.3743743970990181,0.33924832320213316,0.5891353487968445,0.5834063291549683,0.8475034236907959,0.8554999828338623,0.7031234502792358,0.6358625888824463,0.7031233310699463,0.6358625888824463
UNET_binary_grayscale_bike-asphalt,UNET_binary_grayscale_bike-asphalt_MASKED_METRICS_1707029016.358074,13,0.2210055365493255,0.4425287395050483,0.4806644320487976,0.33572766184806824,0.9200488328933716,0.7861456274986267,0.5608668327331543,0.8134910464286804,0.5608668327331543,0.8134910464286804
UNET_binary_grayscale_grass,UNET_binary_grayscale_grass_MASKED_METRICS_1707029191.385062,4,0.3673823820352554,0.3252033673524857,0.6017732620239258,0.6025857329368591,0.8520120978355408,0.8615794777870178,0.7190911769866943,0.6594967246055603,0.7190911173820496,0.6594967246055603
UNET_binary_grayscale_bike-asphalt,UNET_binary_grayscale_bike-asphalt_MASKED_METRICS_1707029016.358074,14,0.22001359804666468,0.3901352245759751,0.48778414726257324,0.38403353095054626,0.9214293360710144,0.82119220495224,0.5671212077140808,0.839058518409729,0.5671212077140808,0.839058518409729
UNET_binary_grayscale_grass,UNET_binary_grayscale_grass_MASKED_METRICS_1707029191.385062,5,0.3591638902425766,0.32327357432246207,0.6112194657325745,0.5981273651123047,0.8554800748825073,0.8603579998016357,0.7305927872657776,0.6530675292015076,0.7305927872657776,0.6530675292015076
UNET_binary_grayscale_bike-asphalt,UNET_binary_grayscale_bike-asphalt_MASKED_METRICS_1707029016.358074,15,0.21552146994508803,0.4304039776325226,0.4973536729812622,0.3475188612937927,0.9225598573684692,0.7951359152793884,0.5807773470878601,0.8212396502494812,0.5807773470878601,0.8212396502494812
UNET_binary_grayscale_grass,UNET_binary_grayscale_grass_MASKED_METRICS_1707029191.385062,6,0.3509332425892353,0.2949271994829178,0.6205164790153503,0.638670027256012,0.860089898109436,0.873854398727417,0.7356385588645935,0.7006185054779053,0.7356385588645935,0.7006185054779053
UNET_binary_grayscale_bike-asphalt,UNET_binary_grayscale_bike-asphalt_MASKED_METRICS_1707029016.358074,16,0.21478871858146573,0.35517643787898123,0.502152144908905,0.3814019560813904,0.923392117023468,0.8248224258422852,0.5856700539588928,0.8129174709320068,0.5856700539588928,0.8129174709320068
UNET_binary_grayscale_bike-asphalt,UNET_binary_grayscale_bike-asphalt_MASKED_METRICS_1707029016.358074,17,0.2096349983143487,0.24798517634293862,0.5068535804748535,0.44658076763153076,0.9240788221359253,0.916614830493927,0.5914402008056641,0.5064404010772705,0.5914402008056641,0.5064404010772705
UNET_binary_grayscale_grass,UNET_binary_grayscale_grass_MASKED_METRICS_1707029191.385062,7,0.3442262659072876,0.30107872654497625,0.6246768832206726,0.6470441222190857,0.8623340129852295,0.8752549886703491,0.7367700338363647,0.7185772061347961,0.7367699146270752,0.7185772061347961
UNET_binary_grayscale_bike-asphalt,UNET_binary_grayscale_bike-asphalt_MASKED_METRICS_1707029016.358074,18,0.20661239257814096,0.2669478423028652,0.5114180445671082,0.3453560471534729,0.9251860976219177,0.9101846814155579,0.5935564637184143,0.35662028193473816,0.5935564637184143,0.35662028193473816
UNET_binary_grayscale_grass,UNET_binary_grayscale_grass_MASKED_METRICS_1707029191.385062,8,0.33541029423475266,0.28519040751457214,0.6399329900741577,0.6555702686309814,0.8683449029922485,0.8786855340003967,0.7523916363716125,0.7255508899688721,0.7523916363716125,0.7255508899688721
UNET_binary_grayscale_bike-asphalt,UNET_binary_grayscale_bike-asphalt_MASKED_METRICS_1707029016.358074,19,0.2044821613734322,0.3952105780398207,0.511267900466919,0.3489135503768921,0.9252009391784668,0.7996042966842651,0.5930817127227783,0.8082791566848755,0.5930817127227783,0.8082791566848755
UNET_binary_grayscale_grass,UNET_binary_grayscale_grass_MASKED_METRICS_1707029191.385062,9,0.3287680996358395,0.29014395907521245,0.6473497152328491,0.650035560131073,0.8715871572494507,0.8764967918395996,0.7579808235168457,0.720822274684906,0.7579808235168457,0.720822274684906
UNET_binary_grayscale_bike-asphalt,UNET_binary_grayscale_bike-asphalt_MASKED_METRICS_1707029016.358074,20,0.2100579349124538,0.21897657584798122,0.4971522092819214,0.4825384318828583,0.9223292469978333,0.9172583818435669,0.5820379257202148,0.580725908279419,0.5820379257202148,0.580725908279419
UNET_binary_grayscale_grass,UNET_binary_grayscale_grass_MASKED_METRICS_1707029191.385062,10,0.3251091451048851,0.2901900742650032,0.6523051261901855,0.6485262513160706,0.8735158443450928,0.8753333687782288,0.7630335092544556,0.7228058576583862,0.7630335092544556,0.7228058576583862
UNET_binary_grayscale_grass,UNET_binary_grayscale_grass_MASKED_METRICS_1707029191.385062,11,0.31908129692077636,0.2901848140656948,0.6578815579414368,0.6508728265762329,0.8757554888725281,0.8765003085136414,0.7682515382766724,0.7234609723091125,0.7682515382766724,0.7234609723091125
UNET_binary_grayscale_grass,UNET_binary_grayscale_grass_MASKED_METRICS_1707029191.385062,12,0.3153047426939011,0.3133344127088785,0.6641907095909119,0.6148053407669067,0.8780633211135864,0.8638912439346313,0.7755140066146851,0.6826220154762268,0.7755139470100403,0.6826220154762268
UNET_binary_grayscale_grass,UNET_binary_grayscale_grass_MASKED_METRICS_1707029191.385062,13,0.3118483533859253,0.30701820831000803,0.6651442050933838,0.614497184753418,0.8788780570030212,0.8641608953475952,0.7736346125602722,0.6803836822509766,0.7736346125602722,0.6803836822509766
UNET_binary_grayscale_grass,UNET_binary_grayscale_grass_MASKED_METRICS_1707029191.385062,14,0.306814367800951,0.292885144084692,0.6701555848121643,0.6367170214653015,0.8809703588485718,0.8717090487480164,0.7776370644569397,0.706535816192627,0.7776370644569397,0.706535816192627
UNET_binary_grayscale_grass,UNET_binary_grayscale_grass_MASKED_METRICS_1707029191.385062,15,0.30966888526082037,0.29759889931976796,0.669786810874939,0.6238393187522888,0.8806555271148682,0.8686349391937256,0.7783945202827454,0.6845670342445374,0.7783944606781006,0.6845670342445374
UNET_binary_grayscale_grass,UNET_binary_grayscale_grass_MASKED_METRICS_1707029191.385062,16,0.30184537601470945,0.291552600517869,0.6719257235527039,0.6417354345321655,0.8818838596343994,0.8728363513946533,0.7778816223144531,0.7157345414161682,0.7778815031051636,0.7157345414161682
UNET_binary_grayscale_grass,UNET_binary_grayscale_grass_MASKED_METRICS_1707029191.385062,17,0.29603565129637716,0.2883482860177755,0.680304765701294,0.6504138708114624,0.8850655555725098,0.8766730427742004,0.7864526510238647,0.7209919691085815,0.7864526510238647,0.7209919691085815
UNET_binary_grayscale_grass,UNET_binary_grayscale_grass_MASKED_METRICS_1707029191.385062,18,0.2921147181093693,0.2910990965217352,0.6845170855522156,0.640733540058136,0.8867576718330383,0.8747483491897583,0.7900819778442383,0.7019091248512268,0.7900819182395935,0.7019091248512268
UNET_binary_grayscale_grass,UNET_binary_grayscale_grass_MASKED_METRICS_1707029191.385062,19,0.28950752741098407,0.2939421057999134,0.6865522265434265,0.6651073694229126,0.8875971436500549,0.8805001378059387,0.7916640043258667,0.7457448244094849,0.7916640043258667,0.7457448244094849
UNET_binary_grayscale_grass,UNET_binary_grayscale_grass_MASKED_METRICS_1707029191.385062,20,0.28548471215367316,0.28172993057966234,0.6921983957290649,0.6553056836128235,0.8895374536514282,0.8788502812385559,0.7987848520278931,0.7237170934677124,0.7987847328186035,0.7237170934677124
UNET_binary_grayscale_grass,UNET_binary_grayscale_grass_MASKED_METRICS_1707029733.471396,1,0.41324297088384626,0.33504425129294396,0.5581090450286865,0.6016139984130859,0.8262518048286438,0.8614937663078308,0.7056335806846619,0.6572338938713074,0.7056335210800171,0.6572338938713074
UNET_binary_grayscale_grass,UNET_binary_grayscale_grass_MASKED_METRICS_1707029733.471396,2,0.3846694985628128,0.3138281714320183,0.5790697932243347,0.596052885055542,0.8417032361030579,0.8608851432800293,0.7002418041229248,0.6450161933898926,0.70024174451828,0.6450161933898926
UNET_binary_grayscale_grass,UNET_binary_grayscale_grass_MASKED_METRICS_1707029733.471396,3,0.37287312299013137,0.3178251609504223,0.5943894982337952,0.6115282773971558,0.8494126200675964,0.8639401197433472,0.7095871567726135,0.6730136275291443,0.7095871567726135,0.6730136275291443
UNET_binary_grayscale_grass,UNET_binary_grayscale_grass_MASKED_METRICS_1707029733.471396,4,0.36470670825242996,0.3017483319938183,0.6009005904197693,0.6266531944274902,0.8527550101280212,0.8702833652496338,0.7128812670707703,0.6841436624526978,0.7128812074661255,0.6841436624526978
UNET_binary_grayscale_grass,UNET_binary_grayscale_grass_MASKED_METRICS_1707029733.471396,5,0.35822878205776215,0.3332701408416033,0.60932457447052,0.6011409163475037,0.8563064336776733,0.8621822595596313,0.7206509709358215,0.6526775360107422,0.7206509709358215,0.6526775360107422
UNET_binary_grayscale_grass,UNET_binary_grayscale_grass_MASKED_METRICS_1707029733.471396,6,0.35030616623163224,0.3524571730494499,0.6189678311347961,0.5723056197166443,0.8601939082145691,0.8533376455307007,0.7302769422531128,0.6166659593582153,0.7302769422531128,0.6166659593582153
UNET_binary_grayscale_grass,UNET_binary_grayscale_grass_MASKED_METRICS_1707029733.471396,7,0.34590095272660254,0.3298071584999561,0.6268656253814697,0.6075524687767029,0.8632075786590576,0.8646204471588135,0.7389691472053528,0.6585550904273987,0.7389691472053528,0.6585550904273987
UNET_binary_grayscale_grass,UNET_binary_grayscale_grass_MASKED_METRICS_1707029733.471396,8,0.33745084258913993,0.35286760054528715,0.633131206035614,0.5962293744087219,0.8662400841712952,0.8604990839958191,0.7422733902931213,0.6472803950309753,0.7422733306884766,0.6472803950309753
UNET_binary_grayscale_grass,UNET_binary_grayscale_grass_MASKED_METRICS_1707029733.471396,9,0.3335491408109665,0.3618990279585123,0.637712836265564,0.5898661613464355,0.867944598197937,0.8586755394935608,0.7474523186683655,0.6386780738830566,0.7474522590637207,0.6386780738830566
UNET_binary_grayscale_grass,UNET_binary_grayscale_grass_MASKED_METRICS_1707029733.471396,10,0.32711105835437776,0.31018742299079893,0.6485978364944458,0.6288674473762512,0.8725737929344177,0.8706965446472168,0.7562841176986694,0.6884574294090271,0.7562839984893799,0.6884574294090271
UNET_binary_grayscale_grass,UNET_binary_grayscale_grass_MASKED_METRICS_1707029733.471396,11,0.32345112463831904,0.30601189748942853,0.6533021926879883,0.6347323656082153,0.8743261694908142,0.8717237710952759,0.7614879012107849,0.7004260420799255,0.7614879012107849,0.7004260420799255
UNET_binary_grayscale_grass,UNET_binary_grayscale_grass_MASKED_METRICS_1707029733.471396,12,0.317729450583458,0.3124563197046518,0.6607988476753235,0.6403319239616394,0.8774336576461792,0.8746032118797302,0.7677828669548035,0.7014979124069214,0.7677828073501587,0.7014979124069214
UNET_binary_grayscale_grass,UNET_binary_grayscale_grass_MASKED_METRICS_1707029733.471396,13,0.31330822890996934,0.2765019942522049,0.6625982522964478,0.6734644770622253,0.8785135746002197,0.8843176364898682,0.7671597599983215,0.7497011423110962,0.767159640789032,0.7497011423110962
UNET_binary_grayscale_grass,UNET_binary_grayscale_grass_MASKED_METRICS_1707029733.471396,14,0.3098064132630825,0.2828619473427534,0.6691235899925232,0.689422070980072,0.880720853805542,0.8896578550338745,0.7756400108337402,0.7696490287780762,0.7756399512290955,0.7696490287780762
UNET_binary_grayscale_mozaik,UNET_binary_grayscale_mozaik_MASKED_METRICS_1707030090.663497,1,0.49492141330242156,0.4606226902604103,0.2519403100013733,0.022954918444156647,0.7524703145027161,0.7504032850265503,0.32931777834892273,0.023022223263978958,0.3293178081512451,0.023022223263978958
UNET_binary_grayscale_grass,UNET_binary_grayscale_grass_MASKED_METRICS_1707029733.471396,15,0.30481527945399284,0.29302733168005946,0.6750723719596863,0.6653696298599243,0.8829128742218018,0.8822024464607239,0.7822179198265076,0.735987663269043,0.7822179198265076,0.735987663269043
UNET_binary_grayscale_mozaik,UNET_binary_grayscale_mozaik_MASKED_METRICS_1707030090.663497,2,0.45337791860103605,0.4455149523317814,0.32475391030311584,0.099162258207798,0.7834244966506958,0.7681896090507507,0.4114605784416199,0.10017973929643631,0.4114605784416199,0.10017973929643631
UNET_binary_grayscale_grass,UNET_binary_grayscale_grass_MASKED_METRICS_1707029733.471396,16,0.2976570006608963,0.2713668847978115,0.6831393241882324,0.6783807277679443,0.8858904838562012,0.8865050077438354,0.7910751700401306,0.7522198557853699,0.7910751104354858,0.7522198557853699
UNET_binary_grayscale_mozaik,UNET_binary_grayscale_mozaik_MASKED_METRICS_1707030090.663497,3,0.44061293053627015,0.5911665652692318,0.33891645073890686,4.702510341303423e-05,0.7915350794792175,0.7452937364578247,0.4221782386302948,4.702587830252014e-05,0.4221782386302948,4.702587830252014e-05
UNET_binary_grayscale_grass,UNET_binary_grayscale_grass_MASKED_METRICS_1707029733.471396,17,0.29430666172504427,0.2766505745947361,0.6881862878799438,0.66582852602005,0.8876630663871765,0.8828508257865906,0.7972385287284851,0.7334471940994263,0.7972385287284851,0.7334471940994263
UNET_binary_grayscale_mozaik,UNET_binary_grayscale_mozaik_MASKED_METRICS_1707030090.663497,4,0.42796497577428816,0.4919901157915592,0.3518742620944977,0.030369194224476814,0.7964290976524353,0.7525703310966492,0.4365867078304291,0.030424663797020912,0.43658673763275146,0.03042466565966606
UNET_binary_grayscale_grass,UNET_binary_grayscale_grass_MASKED_METRICS_1707029733.471396,18,0.2889246982038021,0.28277677156031134,0.6938708424568176,0.6594924926757812,0.889907956123352,0.8812046051025391,0.8023889660835266,0.7229688167572021,0.8023889064788818,0.7229688167572021
UNET_binary_grayscale_mozaik,UNET_binary_grayscale_mozaik_MASKED_METRICS_1707030090.663497,5,0.42318836361169815,0.4546799344569445,0.36163970828056335,0.0717068538069725,0.7994558215141296,0.7623938322067261,0.4487939178943634,0.07205769419670105,0.4487939178943634,0.07205769419670105
UNET_binary_grayscale_grass,UNET_binary_grayscale_grass_MASKED_METRICS_1707029733.471396,19,0.2842374704182148,0.29094467529654505,0.6997647285461426,0.647241473197937,0.8920511603355408,0.8758278489112854,0.8090280294418335,0.71589595079422,0.8090280294418335,0.71589595079422
UNET_binary_grayscale_mozaik,UNET_binary_grayscale_mozaik_MASKED_METRICS_1707030090.663497,6,0.41539524686336515,0.5472387073934079,0.3744596540927887,0.02641923353075981,0.8043227791786194,0.7519962787628174,0.46271833777427673,0.026421265676617622,0.46271833777427673,0.026421265676617622
UNET_binary_grayscale_grass,UNET_binary_grayscale_grass_MASKED_METRICS_1707029733.471396,20,0.28013299298286437,0.31621539705991747,0.702411949634552,0.6168050765991211,0.8930186629295349,0.8677570223808289,0.811968982219696,0.6688635349273682,0.811968982219696,0.6688635349273682
UNET_binary_grayscale_mozaik,UNET_binary_grayscale_mozaik_MASKED_METRICS_1707030090.663497,7,0.41074117743968963,0.5723229434192181,0.3812946677207947,0.04340052604675293,0.8065457344055176,0.7560743093490601,0.47095757722854614,0.04344798997044563,0.47095754742622375,0.04344798997044563
UNET_binary_grayscale_mozaik,UNET_binary_grayscale_mozaik_MASKED_METRICS_1707030090.663497,8,0.4050561139583588,0.6102435659915209,0.38901829719543457,0.04180048033595085,0.8095381259918213,0.7557688355445862,0.47904515266418457,0.04182862117886543,0.47904515266418457,0.04182862117886543
UNET_binary_grayscale_mozaik,UNET_binary_grayscale_mozaik_MASKED_METRICS_1707030090.663497,9,0.40344847476482393,0.4492115784585476,0.39409613609313965,0.1309179663658142,0.8113594651222229,0.7757985591888428,0.4846856892108917,0.1325940489768982,0.4846856892108917,0.1325940489768982
UNET_binary_grayscale_mozaik,UNET_binary_grayscale_mozaik_MASKED_METRICS_1707030090.663497,10,0.4006556597352028,0.5053156735748052,0.39484888315200806,0.06560085713863373,0.8127794861793518,0.7599272727966309,0.4825553297996521,0.06617092341184616,0.4825553596019745,0.06617092341184616
UNET_binary_grayscale_mozaik,UNET_binary_grayscale_mozaik_MASKED_METRICS_1707030090.663497,11,0.3929297656416893,0.5208137194812298,0.4090532660484314,0.05191086605191231,0.8167179822921753,0.7580324411392212,0.5011618137359619,0.05201316997408867,0.5011618137359619,0.05201316997408867
UNET_binary_grayscale_mozaik,UNET_binary_grayscale_mozaik_MASKED_METRICS_1707030090.663497,12,0.38949454051256177,0.6411447530835866,0.41519060730934143,0.05966164171695709,0.8193443417549133,0.7583640217781067,0.5066537857055664,0.0601893812417984,0.5066537261009216,0.0601893812417984
UNET_binary_grayscale_tiles,UNET_binary_grayscale_tiles_MASKED_METRICS_1707030391.88542,1,0.41704990112781526,0.3930496229529381,0.00897394958883524,0.0,0.8454878926277161,0.8536953330039978,0.009496811777353287,0.0,0.009496811777353287,0.0
UNET_binary_grayscale_mozaik,UNET_binary_grayscale_mozaik_MASKED_METRICS_1707030090.663497,13,0.3848875918984413,0.4367955745756626,0.42304202914237976,0.2157764434814453,0.8219869136810303,0.7891600728034973,0.5156057476997375,0.22775302827358246,0.5156057476997375,0.22775304317474365
UNET_binary_grayscale_tiles,UNET_binary_grayscale_tiles_MASKED_METRICS_1707030391.88542,2,0.3905166101455688,0.40829682257771494,4.6587680913035e-07,0.0,0.852612316608429,0.8536953330039978,4.660681724999449e-07,0.0,4.660681724999449e-07,0.0
UNET_binary_grayscale_mozaik,UNET_binary_grayscale_mozaik_MASKED_METRICS_1707030090.663497,14,0.37963516628742217,0.43611015598475933,0.4313124418258667,0.20705768465995789,0.8244832754135132,0.7902445197105408,0.5258519053459167,0.2150356024503708,0.5258519053459167,0.2150356024503708
UNET_binary_grayscale_tiles,UNET_binary_grayscale_tiles_MASKED_METRICS_1707030391.88542,3,0.38688365995883944,0.44610589620471003,2.8067575840395875e-05,0.0,0.8526763916015625,0.8536953330039978,2.8067661332897842e-05,0.0,2.8067661332897842e-05,0.0
UNET_binary_grayscale_mozaik,UNET_binary_grayscale_mozaik_MASKED_METRICS_1707030090.663497,15,0.38084307295084,0.41567302599549294,0.42727434635162354,0.22452451288700104,0.8233211040496826,0.7947754859924316,0.5206806659698486,0.2332771122455597,0.5206806659698486,0.2332771122455597
UNET_binary_grayscale_tiles,UNET_binary_grayscale_tiles_MASKED_METRICS_1707030391.88542,4,0.38180051678419114,0.40226907420158386,0.0011546004097908735,0.0,0.8525781035423279,0.8536953330039978,0.0011566776083782315,0.0,0.0011566776083782315,0.0
UNET_binary_grayscale_mozaik,UNET_binary_grayscale_mozaik_MASKED_METRICS_1707030090.663497,16,0.37686170321702955,0.38654982464015486,0.44099581241607666,0.31290483474731445,0.8275988698005676,0.8107849955558777,0.5372619032859802,0.3382970094680786,0.537261962890625,0.3382970094680786
UNET_binary_grayscale_tiles,UNET_binary_grayscale_tiles_MASKED_METRICS_1707030391.88542,5,0.37925882613658907,0.42573943480849263,0.001356075401417911,0.0,0.8523975610733032,0.8536953330039978,0.0013604529667645693,0.0,0.0013604529667645693,0.0
UNET_binary_grayscale_mozaik,UNET_binary_grayscale_mozaik_MASKED_METRICS_1707030090.663497,17,0.3684230434894562,0.41111615669727325,0.455385684967041,0.2642076909542084,0.8331195712089539,0.8003193140029907,0.551216721534729,0.2814967930316925,0.551216721534729,0.2814967930316925
UNET_binary_grayscale_tiles,UNET_binary_grayscale_tiles_MASKED_METRICS_1707030391.88542,6,0.3773758891224861,0.4334911632835865,0.0027117447461932898,0.0,0.8524664044380188,0.8536953330039978,0.0027229255065321922,0.0,0.0027229255065321922,0.0
UNET_binary_grayscale_mozaik,UNET_binary_grayscale_mozaik_MASKED_METRICS_1707030090.663497,18,0.36706635332107546,0.3693799094706774,0.45685842633247375,0.404488205909729,0.8324962258338928,0.8285728096961975,0.5565700531005859,0.4571327865123749,0.5565699934959412,0.4571327865123749
UNET_binary_grayscale_tiles,UNET_binary_grayscale_tiles_MASKED_METRICS_1707030391.88542,7,0.37507339400053025,0.4333515787422657,0.0025913326535373926,0.0,0.8525343537330627,0.8536953330039978,0.002600505016744137,0.0,0.002600505016744137,0.0
UNET_binary_grayscale_mozaik,UNET_binary_grayscale_mozaik_MASKED_METRICS_1707030090.663497,19,0.3622885789275169,0.39281648662686347,0.4663238823413849,0.29292044043540955,0.8361083269119263,0.8082571029663086,0.5657094120979309,0.31185153126716614,0.5657094717025757,0.31185153126716614
UNET_binary_grayscale_tiles,UNET_binary_grayscale_tiles_MASKED_METRICS_1707030391.88542,8,0.37337082576751707,0.4337035787701607,0.002517231274396181,0.0,0.8526413440704346,0.8536953330039978,0.0025241216644644737,0.0,0.0025241216644644737,0.0
UNET_binary_grayscale_mozaik,UNET_binary_grayscale_mozaik_MASKED_METRICS_1707030090.663497,20,0.3567548353075981,0.3980669541954994,0.47575944662094116,0.30766594409942627,0.8397036790847778,0.8088889718055725,0.574654757976532,0.3334238827228546,0.574654757976532,0.3334238827228546
UNET_binary_grayscale_tiles,UNET_binary_grayscale_tiles_MASKED_METRICS_1707030391.88542,9,0.37186643707752226,0.42052384093403816,0.002557037863880396,0.0,0.8520841002464294,0.8536953330039978,0.002573835663497448,0.0,0.002573835663497448,0.0
UNET_binary_grayscale_tiles,UNET_binary_grayscale_tiles_MASKED_METRICS_1707030391.88542,10,0.37084842145442964,0.41299507999420165,0.00406079413369298,0.0,0.8523838520050049,0.8536953330039978,0.004085346590727568,0.0,0.004085346590727568,0.0
UNET_binary_grayscale_mozaik,UNET_binary_grayscale_mozaik_MASKED_METRICS_1707030635.175037,1,0.491733513712883,0.49962083995342255,0.2754665017127991,0.0508374385535717,0.752774715423584,0.7529656887054443,0.3713041841983795,0.05194544419646263,0.3713041841983795,0.05194544419646263
UNET_binary_grayscale_tiles,UNET_binary_grayscale_tiles_MASKED_METRICS_1707030391.88542,11,0.36944318628311157,0.42407512697577476,0.006185338832437992,0.0,0.8523837327957153,0.8536953330039978,0.006236043758690357,0.0,0.006236043758690357,0.0
UNET_binary_grayscale_mozaik,UNET_binary_grayscale_mozaik_MASKED_METRICS_1707030635.175037,2,0.4698431478738785,0.4517886783480644,0.2616838812828064,0.07417839765548706,0.7678256630897522,0.7625138759613037,0.3250688910484314,0.07470258325338364,0.3250688910484314,0.07470258325338364
UNET_binary_grayscale_tiles,UNET_binary_grayscale_tiles_MASKED_METRICS_1707030391.88542,12,0.3665400691628456,0.3843457658290863,0.00762306759133935,0.0,0.8523220419883728,0.8536953330039978,0.0076999119482934475,0.0,0.0076999119482934475,0.0
UNET_binary_grayscale_mozaik,UNET_binary_grayscale_mozaik_MASKED_METRICS_1707030635.175037,3,0.4490763816833496,0.4442039592862129,0.31665369868278503,0.13070599734783173,0.7846360802650452,0.7739223837852478,0.39422407746315,0.13345465064048767,0.39422407746315,0.13345465064048767
UNET_binary_grayscale_tiles,UNET_binary_grayscale_tiles_MASKED_METRICS_1707030391.88542,13,0.36148690938949585,0.40007744655013083,0.015118061564862728,0.0,0.8527215719223022,0.8536953330039978,0.015345035120844841,0.0,0.015345035120844841,0.0
UNET_binary_grayscale_mozaik,UNET_binary_grayscale_mozaik_MASKED_METRICS_1707030635.175037,4,0.4344006644487381,0.39263285279273985,0.3499242961406708,0.3973049819469452,0.79537034034729,0.8271631002426147,0.4351162016391754,0.44731152057647705,0.435116171836853,0.44731152057647705
UNET_binary_grayscale_tiles,UNET_binary_grayscale_tiles_MASKED_METRICS_1707030391.88542,14,0.3582130282521248,0.4241692304611206,0.01880292035639286,0.0,0.8530873656272888,0.8536953330039978,0.019109312444925308,0.0,0.019109312444925308,0.0
UNET_binary_grayscale_mozaik,UNET_binary_grayscale_mozaik_MASKED_METRICS_1707030635.175037,5,0.42271657317876815,0.4700672928094864,0.3587925434112549,0.05716007947921753,0.800847053527832,0.7593812346458435,0.44020822644233704,0.05727057158946991,0.44020819664001465,0.05727057158946991
UNET_binary_grayscale_tiles,UNET_binary_grayscale_tiles_MASKED_METRICS_1707030391.88542,15,0.3559567903280258,0.5312505656629801,0.025155529379844666,0.0,0.8532774448394775,0.8536953330039978,0.025698740035295486,0.0,0.025698740035295486,0.0
UNET_binary_grayscale_mozaik,UNET_binary_grayscale_mozaik_MASKED_METRICS_1707030635.175037,6,0.4158076063394546,0.49575510066747663,0.36939284205436707,0.016144132241606712,0.805509090423584,0.7492921352386475,0.4500444531440735,0.016150962561368942,0.4500444531440735,0.01615096442401409
UNET_binary_grayscale_tiles,UNET_binary_grayscale_tiles_MASKED_METRICS_1707030391.88542,16,0.35520169627666476,0.5106191169768571,0.023292765021324158,0.0,0.8533817529678345,0.8536953330039978,0.023733485490083694,0.0,0.023733485490083694,0.0
UNET_binary_grayscale_mozaik,UNET_binary_grayscale_mozaik_MASKED_METRICS_1707030635.175037,7,0.4115829700231552,0.46608093357086183,0.37454795837402344,0.08372945338487625,0.807872474193573,0.765180766582489,0.4544955790042877,0.0842432975769043,0.4544955790042877,0.0842432975769043
UNET_binary_grayscale_tiles,UNET_binary_grayscale_tiles_MASKED_METRICS_1707030391.88542,17,0.35294369876384735,0.43179968501627447,0.027739286422729492,0.0,0.8536264896392822,0.8536953330039978,0.02834600768983364,0.0,0.02834600768983364,0.0
UNET_binary_grayscale_mozaik,UNET_binary_grayscale_mozaik_MASKED_METRICS_1707030635.175037,8,0.40326869875192645,0.4618363802731037,0.38962212204933167,0.04070393741130829,0.8121825456619263,0.7552005052566528,0.4735953211784363,0.040779463946819305,0.4735953211784363,0.040779463946819305
UNET_binary_grayscale_tiles,UNET_binary_grayscale_tiles_MASKED_METRICS_1707030391.88542,18,0.34928926700353624,0.43792272928357123,0.041755106300115585,0.0,0.8544421195983887,0.8536953330039978,0.043051235377788544,0.0,0.043051235377788544,0.0
UNET_binary_grayscale_mozaik,UNET_binary_grayscale_mozaik_MASKED_METRICS_1707030635.175037,9,0.3986640872955322,0.4390765084028244,0.39985382556915283,0.13283120095729828,0.8153653144836426,0.7758347392082214,0.48594167828559875,0.13480684161186218,0.48594170808792114,0.13480684161186218
UNET_binary_grayscale_tiles,UNET_binary_grayscale_tiles_MASKED_METRICS_1707030391.88542,19,0.34877166503667834,0.43163756081461907,0.045323196798563004,0.0,0.8542748689651489,0.8536953330039978,0.046958647668361664,0.0,0.046958647668361664,0.0
UNET_binary_grayscale_mozaik,UNET_binary_grayscale_mozaik_MASKED_METRICS_1707030635.175037,10,0.39530660235881804,0.534354248791933,0.4027882218360901,0.0008202487952075899,0.8160789012908936,0.7454830408096313,0.4900117516517639,0.00082028703764081,0.4900117516517639,0.0008202870958484709
UNET_binary_grayscale_tiles,UNET_binary_grayscale_tiles_MASKED_METRICS_1707030391.88542,20,0.345968052983284,0.4997655771523714,0.048765476793050766,0.0,0.8544609546661377,0.8536953330039978,0.05064322426915169,0.0,0.05064322426915169,0.0
UNET_binary_grayscale_mozaik,UNET_binary_grayscale_mozaik_MASKED_METRICS_1707030635.175037,11,0.39419548684358596,0.5198053582310677,0.40804633498191833,0.03853432089090347,0.8170849084854126,0.7547882795333862,0.4980786442756653,0.03858356550335884,0.4980786442756653,0.03858356550335884
UNET_binary_grayscale_tiles,UNET_binary_grayscale_tiles_MASKED_METRICS_1707030930.957417,1,0.4154891582131386,0.417313224375248,0.008120041340589523,0.0,0.8457004427909851,0.8536953330039978,0.008573945611715317,0.0,0.008573945611715317,0.0
UNET_binary_grayscale_mozaik,UNET_binary_grayscale_mozaik_MASKED_METRICS_1707030635.175037,12,0.3863921299576759,0.42797624912858007,0.41807061433792114,0.2724822759628296,0.8214510679244995,0.7973626852035522,0.506714403629303,0.2979622483253479,0.506714403629303,0.2979622483253479
UNET_binary_grayscale_mozaik,UNET_binary_grayscale_mozaik_MASKED_METRICS_1707030635.175037,13,0.3860988727211952,0.41019609282910824,0.4189852178096771,0.2167537808418274,0.8214130997657776,0.795494794845581,0.5087305307388306,0.22218768298625946,0.5087305307388306,0.22218769788742065
UNET_binary_grayscale_tiles,UNET_binary_grayscale_tiles_MASKED_METRICS_1707030930.957417,2,0.39511825716495513,0.40489807492494584,0.005392775405198336,0.0,0.8519293665885925,0.8536953330039978,0.005449372343719006,0.0,0.005449372343719006,0.0
UNET_binary_grayscale_mozaik,UNET_binary_grayscale_mozaik_MASKED_METRICS_1707030635.175037,14,0.3791084128022194,0.4353806833028793,0.43038004636764526,0.10578330606222153,0.8258256316184998,0.7702959179878235,0.5198497772216797,0.10668180137872696,0.5198497772216797,0.10668180137872696
UNET_binary_grayscale_tiles,UNET_binary_grayscale_tiles_MASKED_METRICS_1707030930.957417,3,0.3875597723722458,0.4358034316301346,8.285602461910457e-07,0.0,0.8526718616485596,0.8536953330039978,8.285656463158375e-07,0.0,8.285656463158375e-07,0.0
UNET_binary_grayscale_mozaik,UNET_binary_grayscale_mozaik_MASKED_METRICS_1707030635.175037,15,0.3778727237582207,0.43061561688780786,0.4352210462093353,0.12050480395555496,0.8272392153739929,0.7726099491119385,0.5258999466896057,0.12231778353452682,0.5258999466896057,0.12231779098510742
UNET_binary_grayscale_tiles,UNET_binary_grayscale_tiles_MASKED_METRICS_1707030930.957417,4,0.38319087141752245,0.41520224648714066,0.0,0.0,0.8526727557182312,0.8536953330039978,0.0,0.0,0.0,0.0
UNET_binary_grayscale_mozaik,UNET_binary_grayscale_mozaik_MASKED_METRICS_1707030635.175037,16,0.37423367953300474,0.4558202077150345,0.4393526017665863,0.10236947983503342,0.8283884525299072,0.7684137225151062,0.5312470197677612,0.10368905961513519,0.5312470197677612,0.10368906706571579
UNET_binary_grayscale_tiles,UNET_binary_grayscale_tiles_MASKED_METRICS_1707030930.957417,5,0.37999008983373644,0.4069913755953312,0.0,0.0,0.8526727557182312,0.8536953330039978,0.0,0.0,0.0,0.0
UNET_binary_grayscale_mozaik,UNET_binary_grayscale_mozaik_MASKED_METRICS_1707030635.175037,17,0.3681399047970772,0.43521818217635155,0.4485042989253998,0.14916256070137024,0.831889271736145,0.7792978286743164,0.540065586566925,0.15190322697162628,0.5400656461715698,0.15190324187278748
UNET_binary_grayscale_tiles,UNET_binary_grayscale_tiles_MASKED_METRICS_1707030930.957417,6,0.3766300893425941,0.39816669780015945,0.0,0.0,0.8526727557182312,0.8536953330039978,0.0,0.0,0.0,0.0
UNET_binary_grayscale_mozaik,UNET_binary_grayscale_mozaik_MASKED_METRICS_1707030635.175037,18,0.3646155329942703,0.41893629130721094,0.4547428786754608,0.21976825594902039,0.83339524269104,0.7944660782814026,0.5488815903663635,0.22728565335273743,0.5488815307617188,0.22728566825389862
UNET_binary_grayscale_tiles,UNET_binary_grayscale_tiles_MASKED_METRICS_1707030930.957417,7,0.37490238070487975,0.3888732879459858,0.0,0.0,0.8526727557182312,0.8536953330039978,0.0,0.0,0.0,0.0
UNET_binary_grayscale_mozaik,UNET_binary_grayscale_mozaik_MASKED_METRICS_1707030635.175037,19,0.361620093524456,0.451689689591527,0.458659291267395,0.11904670298099518,0.8350701332092285,0.7731173634529114,0.5520080924034119,0.12036851793527603,0.5520080327987671,0.12036851793527603
UNET_binary_grayscale_tiles,UNET_binary_grayscale_tiles_MASKED_METRICS_1707030930.957417,8,0.3733231207728386,0.39130321833491327,0.0,0.0,0.8526727557182312,0.8536953330039978,0.0,0.0,0.0,0.0
UNET_binary_grayscale_mozaik,UNET_binary_grayscale_mozaik_MASKED_METRICS_1707030635.175037,20,0.3566838886141777,0.4401092158704996,0.46886199712753296,0.1480419635772705,0.8379622101783752,0.7782672047615051,0.5650418996810913,0.15126682817935944,0.5650418400764465,0.15126682817935944
UNET_binary_grayscale_tiles,UNET_binary_grayscale_tiles_MASKED_METRICS_1707030930.957417,9,0.36966215014457704,0.383288130402565,0.0,0.0,0.8526727557182312,0.8536953330039978,0.0,0.0,0.0,0.0
UNET_binary_grayscale_tiles,UNET_binary_grayscale_tiles_MASKED_METRICS_1707030930.957417,10,0.3692728772163391,0.3801618750989437,0.0,0.0,0.8526727557182312,0.8536953330039978,0.0,0.0,0.0,0.0
UNET_binary_grayscale_tiles,UNET_binary_grayscale_tiles_MASKED_METRICS_1707030930.957417,11,0.36629194277524946,0.3683863238990307,0.0,0.0,0.8526727557182312,0.8536953330039978,0.0,0.0,0.0,0.0
UNET_binary_grayscale_tiles,UNET_binary_grayscale_tiles_MASKED_METRICS_1707030930.957417,12,0.3643927081227303,0.4177247743904591,0.0,0.0,0.8526727557182312,0.8536953330039978,0.0,0.0,0.0,0.0
UNET_binary_grayscale_tiles,UNET_binary_grayscale_tiles_MASKED_METRICS_1707030930.957417,13,0.3614107351303101,0.41491353553533555,0.00015214433369692415,2.08588772920848e-07,0.8526941537857056,0.8536950349807739,0.00015214536688290536,2.085891566139253e-07,0.00015214536688290536,2.085891566139253e-07
UNET_binary_grayscale_tiles,UNET_binary_grayscale_tiles_MASKED_METRICS_1707030930.957417,14,0.3595464130043983,0.39639666214585306,0.005206675734370947,0.0,0.8525249361991882,0.8536953330039978,0.005239175632596016,0.0,0.005239175632596016,0.0
UNET_binary_grayscale_tiles,UNET_binary_grayscale_tiles_MASKED_METRICS_1707030930.957417,15,0.3580270315408707,0.4149037251472473,0.00025493334396742284,0.0,0.8526769280433655,0.8536953330039978,0.000254991085967049,0.0,0.000254991085967049,0.0
UNET_binary_grayscale_tiles,UNET_binary_grayscale_tiles_MASKED_METRICS_1707030930.957417,16,0.3523982233405113,0.386246380507946,0.00410601356998086,0.0001284872996620834,0.8527190089225769,0.8537099361419678,0.004121648147702217,0.00012849092308897525,0.004121648147702217,0.00012849092308897525
UNET_binary_grayscale_tiles,UNET_binary_grayscale_tiles_MASKED_METRICS_1707030930.957417,17,0.3506966056227684,0.5299369410723448,0.01430334709584713,0.0003509402449708432,0.8528848886489868,0.8537203073501587,0.014490007422864437,0.0003510034002829343,0.014490007422864437,0.0003510034002829343
UNET_binary_grayscale_tiles,UNET_binary_grayscale_tiles_MASKED_METRICS_1707030930.957417,18,0.34822661393880844,0.3752967734336853,0.04388689994812012,0.03074667975306511,0.8542285561561584,0.8563860654830933,0.045416634529829025,0.031138606369495392,0.045416634529829025,0.031138606369495392
UNET_binary_grayscale_tiles,UNET_binary_grayscale_tiles_MASKED_METRICS_1707030930.957417,19,0.3458278892636299,0.417923194617033,0.05608236417174339,0.004927168600261211,0.8545911908149719,0.8541151285171509,0.058640800416469574,0.004937357734888792,0.058640800416469574,0.004937357734888792
UNET_binary_grayscale_tiles,UNET_binary_grayscale_tiles_MASKED_METRICS_1707030930.957417,20,0.3430008468031883,0.38469370648264883,0.07679666578769684,0.01555243693292141,0.8549425005912781,0.8547346591949463,0.08190339803695679,0.015685904771089554,0.08190339803695679,0.015685904771089554
